Country ID;Net Zero 1.5;CO2 Emissions 1.5;Forest Contrib 1.5;Net Zero 2.0;CO2 Emissions 2.0;Forest Contrib 2.0;Net Zero 2050;CO2 Emissions 2050;Forest Contrib 2050;Forest Area 2050;Net Zero 2100;CO2 Emissions 2100;Forest Contrib 2100;Forest Area 2100;Reforestation Count;Reduce Emission Count;Buy Offset Count;Do Nothing Count;NDC Achieved Count;NDC Failed Count;Total Reforestation;Total Emission Reduction;Total Carbon Offset Bought;Total Carbon Offset Sold;Agriculture Count;Land Usage Count;Waste Count;Buildings Count;Industry Count;Transport Count;Manufacture Count;Eletricity and Heat Reduction;Fugitive Count;Other Fuels Count;Bunker Fuels Count;Agriculture Reduction;Land Usage Reduction;Reduction;Buildings Reduction;Industry Reduction;Transport Reduction;Manufacture Reduction;Eletricity and Heat Reduction;Fugitive Reduction;Other Fuels Reduction;Bunker Fuels Reduction
Albania;75.35320;118.00695;-4.93853;161.41410;252.96918;-8.34473;160.70420;251.85604;-8.31664;7883.55836;394.50044;618.33309;-17.56585;7874.30915;0;0;20;62;15;1;0.00000;0.00000;24.55849;0.00000;0;0;0;0;0;0;0;0;0;0;0;0.00000;0.00000;0.00000;0.00000;0.00000;0.00000;0.00000;0.00000;0.00000;0.00000;0.00000
Algeria;3247.27250;3517.64991;92383.95127;5942.11728;7548.69712;316255.95200;5925.98764;7515.44974;313954.34408;333514.34408;2468.18872;18461.37326;1460768.33213;1480328.33213;82;0;0;0;4;12;1488675.36971;0.00000;0.00000;0.00000;0;0;0;0;0;0;0;0;0;0;0;0.00000;0.00000;0.00000;0.00000;0.00000;0.00000;0.00000;0.00000;0.00000;0.00000;0.00000
Andorra;0.77548;1.64061;0.00000;1.69643;3.55382;0.00000;1.68884;3.53804;0.00000;160.00000;4.18958;8.73318;0.00000;160.00000;0;0;17;65;16;0;0.00000;0.00000;0.34637;0.00000;0;0;0;0;0;0;0;0;0;0;0;0.00000;0.00000;0.00000;0.00000;0.00000;0.00000;0.00000;0.00000;0.00000;0.00000;0.00000
Angola;-1957.32243;1707.57054;-5063.71848;-4480.57314;3613.38218;49897.59693;-4458.26498;3597.66337;49332.54458;743159.44458;-16242.34327;6190.53710;274573.25598;968400.15598;42;40;0;0;0;16;126371.07352;243.23785;0.00000;301.45881;27;29;4;10;4;8;3;8;24;0;3;67.05881;99.63306;2.60260;13.34213;2.15312;8.84921;1.71302;8.78370;37.17368;0.00000;1.92852
Antigua and Barbuda;21.43876;21.86673;-10.62909;46.47824;47.32683;-22.72698;46.27141;47.11684;-22.62720;61.87280;114.64052;116.25128;-55.47785;29.02215;0;0;17;65;16;0;0.00000;0.00000;4.60793;0.00000;0;0;0;0;0;0;0;0;0;0;0;0.00000;0.00000;0.00000;0.00000;0.00000;0.00000;0.00000;0.00000;0.00000;0.00000;0.00000
Argentina;3634.92605;5355.48883;90616.47439;6664.44659;11417.07374;322731.58551;6645.78110;11367.07884;320345.23092;611315.23092;-2122.28533;21556.78792;1407090.72038;1698060.72038;52;30;0;0;0;16;748765.53246;753.47754;0.00000;2.45605;16;9;7;7;8;11;7;13;8;4;0;262.51398;61.98496;39.80053;48.76216;52.34671;77.80542;36.81988;107.93677;50.25638;15.25075;0.00000
Armenia;115.66841;133.39270;-34.40850;251.85079;289.67495;-73.87345;250.72658;288.38596;-73.54795;3221.65205;621.74595;712.75548;-180.71123;3114.48877;0;0;17;65;1;15;0.00000;0.00000;28.30427;0.00000;0;0;0;0;0;0;0;0;0;0;0;0.00000;0.00000;0.00000;0.00000;0.00000;0.00000;0.00000;0.00000;0.00000;0.00000;0.00000
Australia;380.29175;8068.78200;257847.77087;-2058.65795;17210.11285;860160.29134;-2022.13841;17134.71674;853967.97045;2184912.97045;-37916.66823;41143.15737;3923681.14701;5254626.14702;73;8;0;1;4;12;3297795.26119;500.87525;0.00000;183.24974;8;0;0;0;0;7;0;8;1;0;0;130.67123;0.00000;0.00000;0.00000;0.00000;96.18536;0.00000;257.44795;16.57071;0.00000;0.00000
Austria;720.53853;931.98725;588.39266;1441.49412;1899.38129;1263.17275;1436.55669;1892.39417;1257.60728;40069.50728;1693.84255;2839.87596;3089.90813;41901.80813;0;82;0;0;0;16;0.00000;144.49460;0.00000;0.00000;19;0;7;24;10;63;49;61;1;5;7;14.19340;0.00000;2.41249;16.40447;6.25073;45.71089;20.84880;34.79894;0.15355;1.25579;2.46556
Azerbaijan;640.26812;703.41522;1824.61063;1381.33840;1529.22848;3947.00484;1375.28001;1522.41732;3929.49971;14708.36971;3321.48419;3764.83432;9692.65839;20471.52839;0;0;21;61;15;1;0.00000;0.00000;149.99857;0.00000;0;0;0;0;0;0;0;0;0;0;0;0.00000;0.00000;0.00000;0.00000;0.00000;0.00000;0.00000;0.00000;0.00000;0.00000;0.00000
Bahamas;24.34518;51.91357;0.00000;52.22805;111.41609;0.00000;51.99808;110.92532;0.00000;5098.60000;127.71133;272.49872;0.00000;5098.60000;0;0;20;62;15;1;0.00000;0.00000;10.78384;0.00000;0;0;0;0;0;0;0;0;0;0;0;0.00000;0.00000;0.00000;0.00000;0.00000;0.00000;0.00000;0.00000;0.00000;0.00000;0.00000
Bahrain;711.15186;711.19316;3.27700;1539.22076;1539.33125;7.03557;1532.39109;1532.50091;7.00457;13.00457;3780.81600;3781.23075;17.21059;23.21059;0;0;17;65;16;0;0.00000;0.00000;149.89040;0.00000;0;0;0;0;0;0;0;0;0;0;0;0.00000;0.00000;0.00000;0.00000;0.00000;0.00000;0.00000;0.00000;0.00000;0.00000;0.00000
Bangladesh;2792.91588;2894.75226;0.00000;5642.28422;5860.92218;0.00000;5621.82405;5839.49865;0.00000;18834.00000;8209.77656;8744.61469;0.00000;18834.00000;0;82;0;0;0;16;0.00000;443.37346;0.00000;0.00000;62;20;41;11;8;10;20;58;8;5;3;170.39577;34.41859;41.33290;21.86998;9.68915;21.10892;34.46505;91.74764;11.14466;5.19415;2.00665
Barbados;51.76420;52.10484;0.00000;110.10250;110.83385;0.00000;109.62133;110.34946;0.00000;63.00000;268.03342;269.82246;0.00000;63.00000;0;0;20;62;15;1;0.00000;0.00000;10.65643;0.00000;0;0;0;0;0;0;0;0;0;0;0;0.00000;0.00000;0.00000;0.00000;0.00000;0.00000;0.00000;0.00000;0.00000;0.00000;0.00000
Belarus;684.19794;1161.49064;3430.14750;1449.69810;2494.37397;6878.63200;1443.47186;2483.38058;6850.18950;93185.18950;3414.71235;6102.69788;16214.21963;102549.21963;0;1;23;58;15;1;0.00000;0.51955;241.80578;0.00000;1;0;0;0;0;1;0;1;0;0;0;0.19078;0.00000;0.00000;0.00000;0.00000;0.08620;0.00000;0.24258;0.00000;0.00000;0.00000
Belgium;1645.01742;1682.28821;0.00000;3276.63589;3356.65455;0.00000;3264.89515;3344.56124;0.00000;6893.00000;4788.71959;4984.46341;0.00000;6893.00000;0;82;0;0;0;16;0.00000;250.22888;0.00000;0.00000;14;0;4;43;10;45;26;42;2;6;54;17.85888;0.00000;1.45765;43.41346;10.08589;44.36394;34.51582;43.17103;0.54384;3.56471;51.25367
Belize;23.60345;90.72835;-1828.15253;63.30306;195.24582;-3925.08011;62.92244;194.38378;-3907.78502;9420.51498;236.03113;478.19099;-9601.79149;3726.50851;0;0;17;65;16;0;0.00000;0.00000;18.91363;0.00000;0;0;0;0;0;0;0;0;0;0;0;0.00000;0.00000;0.00000;0.00000;0.00000;0.00000;0.00000;0.00000;0.00000;0.00000;0.00000
Benin;182.62491;343.51439;-8192.50000;453.96926;744.85145;-17588.91553;451.49293;741.54129;-17511.41553;16340.08447;1453.17625;1831.33374;-43026.48402;-0.50000;0;0;17;65;16;0;0.00000;0.00000;72.65764;0.00000;0;0;0;0;0;0;0;0;0;0;0;0.00000;0.00000;0.00000;0.00000;0.00000;0.00000;0.00000;0.00000;0.00000;0.00000;0.00000
Bhutan;-131.94229;15.74588;324.42300;-278.04495;41.19446;696.52105;-276.83048;40.98456;693.45205;27845.25205;-685.14718;110.08772;1703.84877;28855.64877;0;0;20;62;15;1;0.00000;0.00000;5.06344;1.17762;0;0;0;0;0;0;0;0;0;0;0;0.00000;0.00000;0.00000;0.00000;0.00000;0.00000;0.00000;0.00000;0.00000;0.00000;0.00000
Bolivia;-1088.81372;1709.21057;10585.18794;-2556.75994;3689.83994;65123.56879;-2543.16726;3673.50405;64562.86460;584835.06460;-9149.08161;9051.71384;343972.08561;864244.28561;64;0;5;13;4;12;247842.43619;0.00000;99.11723;151.82463;0;0;0;0;0;0;0;0;0;0;0;0.00000;0.00000;0.00000;0.00000;0.00000;0.00000;0.00000;0.00000;0.00000;0.00000;0.00000
Bosnia and Herzegovina;216.09876;334.68361;469.13928;472.06022;728.53904;791.08397;469.95726;725.29059;788.42862;22393.42862;1154.96927;1794.76739;1662.63866;23267.63866;0;0;20;62;15;1;0.00000;0.00000;71.84605;0.00000;0;0;0;0;0;0;0;0;0;0;0;0.00000;0.00000;0.00000;0.00000;0.00000;0.00000;0.00000;0.00000;0.00000;0.00000;0.00000
Botswana;-158.63982;700.06618;10326.46245;-516.66464;1501.59299;49658.58348;-512.64054;1494.98214;49254.21348;207716.21348;-3130.52746;3671.45161;205155.99458;363617.99458;40;0;10;32;9;7;83922.81697;0.00000;81.25489;132.51987;0;0;0;0;0;0;0;0;0;0;0;0.00000;0.00000;0.00000;0.00000;0.00000;0.00000;0.00000;0.00000;0.00000;0.00000;0.00000
Brazil;-7592.54324;19041.78255;-217215.88375;-17358.79594;38512.28719;-361393.37423;-17261.64043;38370.21301;-362252.58887;4676595.41113;-79131.18849;57636.04022;-79376.19655;4959471.80345;1;81;0;0;0;16;23784.39052;2899.23146;0.00000;857.85108;63;62;10;5;7;54;12;13;7;5;5;1024.33819;798.21968;135.28991;39.45498;61.04984;380.35485;161.55913;172.07459;67.69704;34.07782;25.11542
Brunei;126.11787;146.66466;0.00000;278.12636;322.23937;0.00000;276.87263;320.79126;0.00000;3800.00000;689.63717;797.54759;0.00000;3800.00000;0;0;17;65;16;0;0.00000;0.00000;31.84861;0.00000;0;0;0;0;0;0;0;0;0;0;0;0.00000;0.00000;0.00000;0.00000;0.00000;0.00000;0.00000;0.00000;0.00000;0.00000;0.00000
Bulgaria;279.72886;492.41045;2044.47187;756.86609;1227.32840;4428.81231;752.99122;1221.26693;4409.14669;42739.14669;1974.35219;3216.86639;10883.59532;49213.59532;0;0;20;62;15;1;0.00000;0.00000;144.36338;0.00000;0;0;0;0;0;0;0;0;0;0;0;0.00000;0.00000;0.00000;0.00000;0.00000;0.00000;0.00000;0.00000;0.00000;0.00000;0.00000
Burkina Faso;401.57039;729.06460;-8192.50000;941.31620;1589.89098;-17588.91553;936.62614;1582.79103;-17511.41553;47152.58447;2694.90296;3920.28282;-43026.48402;21637.51598;0;0;17;65;16;0;0.00000;0.00000;155.84559;0.00000;0;0;0;0;0;0;0;0;0;0;0;0.00000;0.00000;0.00000;0.00000;0.00000;0.00000;0.00000;0.00000;0.00000;0.00000;0.00000
Burundi;75.57212;90.69239;0.00000;167.43053;199.89306;0.00000;166.67290;198.99239;0.00000;2796.40000;416.10564;495.51635;0.00000;2796.40000;0;0;17;65;16;0;0.00000;0.00000;19.77205;0.00000;0;0;0;0;0;0;0;0;0;0;0;0.00000;0.00000;0.00000;0.00000;0.00000;0.00000;0.00000;0.00000;0.00000;0.00000;0.00000
Cambodia;597.27988;1006.66967;-25509.80650;1445.10933;2154.22344;-54768.36516;1437.37446;2144.75861;-54527.04566;33941.15434;4431.36297;5260.83123;-133975.86594;-1.08560;0;0;17;65;16;0;0.00000;0.00000;207.66946;0.00000;0;0;0;0;0;0;0;0;0;0;0;0.00000;0.00000;0.00000;0.00000;0.00000;0.00000;0.00000;0.00000;0.00000;0.00000;0.00000
Cameroon;572.22893;1662.38364;-9175.60000;1299.11202;3578.53855;-19699.58539;1292.84988;3562.73444;-19612.78539;186592.01461;3594.39794;8765.86999;-48189.66210;158015.13790;0;0;20;62;16;0;0.00000;0.00000;346.75462;0.00000;0;0;0;0;0;0;0;0;0;0;0;0.00000;0.00000;0.00000;0.00000;0.00000;0.00000;0.00000;0.00000;0.00000;0.00000;0.00000
Canada;-9159.48859;9985.24536;213544.17263;-22286.33186;21205.37765;735173.91014;-22163.85776;21112.83595;729811.08169;4200968.18169;-89761.81286;44545.69306;3360263.01796;6831420.11796;61;21;0;0;0;16;2188590.89953;1266.78353;0.00000;1029.19089;6;6;2;7;2;12;7;13;7;1;0;102.33338;93.85557;19.42073;125.93486;20.24471;301.30958;112.83894;380.31163;99.80268;10.73144;0.00000
Cape Verde;10.97470;13.49858;49.15500;23.56939;29.31528;105.53349;23.46694;29.18483;105.06849;547.26849;55.91072;72.13358;258.15890;700.35890;0;0;20;62;15;1;0.00000;0.00000;2.88641;0.00000;0;0;0;0;0;0;0;0;0;0;0;0.00000;0.00000;0.00000;0.00000;0.00000;0.00000;0.00000;0.00000;0.00000;0.00000;0.00000
Central African Republic;-499.51161;735.68116;14194.04049;-1249.95015;1574.69879;52197.39237;-1242.72568;1567.77872;51806.68333;276336.68333;-4812.64918;3846.05093;194465.44344;418995.44344;37;0;10;35;9;7;72110.74804;0.00000;88.34387;181.06192;0;0;0;0;0;0;0;0;0;0;0;0.00000;0.00000;0.00000;0.00000;0.00000;0.00000;0.00000;0.00000;0.00000;0.00000;0.00000
Chad;1129.89709;1453.01360;41974.97230;1941.60945;3159.83520;157590.89318;1938.06330;3145.75763;156402.25629;205302.25629;-1263.10252;7780.46859;722794.52275;771694.52275;79;0;0;3;6;10;707684.77004;0.00000;0.00000;0.00000;0;0;0;0;0;0;0;0;0;0;0;0.00000;0.00000;0.00000;0.00000;0.00000;0.00000;0.00000;0.00000;0.00000;0.00000;0.00000
Chile;63.04842;1068.92417;20140.07275;203.38307;2497.02732;43239.28104;204.27560;2486.71267;43048.76279;219009.56279;-2613.24695;3885.42059;105772.45566;281733.25566;0;82;0;0;0;16;0.00000;212.74560;0.00000;33.08009;23;0;11;13;10;62;51;64;1;5;6;20.38168;0.00000;9.75520;13.05085;8.14365;52.98953;28.12761;75.19685;0.25162;2.10497;2.74364
China;145670.60509;157892.68701;312863.98250;296008.38780;324318.06266;669448.55526;294948.09219;323116.03494;666507.50776;2769450.00776;403157.82222;486115.80969;1634778.84201;3737721.34201;0;82;0;0;0;16;0.00000;24869.94742;0.00000;0.00000;12;0;6;10;50;21;63;66;10;6;2;1206.00233;0.00000;357.00536;943.01163;2414.59148;1802.15465;5655.72841;11216.58125;948.05156;273.24448;53.57627
Colombia;379.31468;3542.86232;-32590.12522;581.88060;7156.65737;-69998.54743;582.96591;7130.55629;-69690.00928;531656.59073;-3975.41550;10669.96713;-171269.00527;430077.59473;0;82;0;0;0;16;0.00000;540.16556;0.00000;27.96788;58;59;13;7;10;45;11;18;15;5;5;132.09232;164.74289;34.06023;11.05804;24.18768;56.40188;27.23831;41.43959;38.33061;5.98533;4.62867
Comoros;7.45334;9.15758;-71.85169;16.95036;20.13074;-154.30523;16.86994;20.04023;-153.62517;197.47483;45.19993;49.83678;-377.51990;-0.00290;0;0;17;65;16;0;0.00000;0.00000;1.98920;0.00000;0;0;0;0;0;0;0;0;0;0;0;0.00000;0.00000;0.00000;0.00000;0.00000;0.00000;0.00000;0.00000;0.00000;0.00000;0.00000
Congo;-814.13069;369.97199;-2355.05625;-1723.09331;803.17196;-5103.50779;-1715.66606;799.59900;-5080.83904;215069.16096;-4098.26749;1975.91211;-12543.99658;207606.00343;0;0;17;65;16;0;0.00000;0.00000;78.40304;175.67254;0;0;0;0;0;0;0;0;0;0;0;0.00000;0.00000;0.00000;0.00000;0.00000;0.00000;0.00000;0.00000;0.00000;0.00000;0.00000
Costa Rica;-7.13407;159.78803;2681.98219;10.79103;387.02000;5758.13372;10.72121;385.14583;5732.76216;35263.06216;-36.41074;1002.17253;14085.75771;43616.05771;0;0;20;62;15;1;0.00000;0.00000;43.57726;0.00000;0;0;0;0;0;0;0;0;0;0;0;0.00000;0.00000;0.00000;0.00000;0.00000;0.00000;0.00000;0.00000;0.00000;0.00000;0.00000
CÃ´te d'Ivoire;546.81312;680.71184;-18496.64187;1297.79586;1466.87954;-39711.39903;1291.31166;1460.39536;-39536.42340;-0.39987;3426.08167;3595.15863;-97143.06929;-0.39987;0;0;18;64;16;0;0.00000;0.00000;142.26701;0.00000;0;0;0;0;0;0;0;0;0;0;0;0.00000;0.00000;0.00000;0.00000;0.00000;0.00000;0.00000;0.00000;0.00000;0.00000;0.00000
Croatia;164.86790;270.18559;488.53942;371.56110;600.72864;1012.52583;369.86962;598.00237;1008.20408;20228.20408;914.80585;1495.56044;2431.03912;21651.03912;0;0;20;62;15;1;0.00000;0.00000;61.30365;0.00000;0;0;0;0;0;0;0;0;0;0;0;0.00000;0.00000;0.00000;0.00000;0.00000;0.00000;0.00000;0.00000;0.00000;0.00000;0.00000
Cuba;315.84089;491.81357;992.70625;616.03287;997.73427;1673.94638;614.09289;994.08019;1668.32763;33508.32763;529.74630;1489.58733;3518.17009;35358.17009;0;82;0;0;0;16;0.00000;75.57187;0.00000;0.00000;62;0;17;6;8;9;53;63;5;13;10;19.77618;0.00000;6.16769;1.20160;2.12786;2.45026;10.44838;24.65886;0.83676;4.75074;3.15354
Cyprus;116.98297;126.30736;-4.64625;250.06475;270.05660;-9.34446;248.96699;268.87098;-9.30571;1717.79429;610.48417;659.20830;-22.06324;1705.03676;0;0;20;62;15;1;0.00000;0.00000;26.17153;0.00000;0;0;0;0;0;0;0;0;0;0;0;0.00000;0.00000;0.00000;0.00000;0.00000;0.00000;0.00000;0.00000;0.00000;0.00000;0.00000
Czechia;1309.94193;1455.00182;290.57803;2609.56170;2922.94938;626.61734;2600.35613;2912.34695;623.84575;27307.74575;3570.54447;4350.07915;1536.32838;28220.22838;0;82;0;0;0;16;0.00000;219.31369;0.00000;0.00000;13;0;11;29;10;58;43;65;9;5;3;12.05711;0.00000;8.84478;21.54726;9.02189;36.24661;23.48649;97.98899;7.37375;2.12320;0.62362
Democratic People's Republic of Korea;871.82363;1194.20946;-3478.53550;1951.97746;2620.96712;-7468.25353;1942.96735;2609.19948;-7435.34703;53927.05297;5000.28049;6483.42358;-18269.04511;43093.35489;0;0;19;63;16;0;0.00000;0.00000;258.22890;0.00000;0;0;0;0;0;0;0;0;0;0;0;0.00000;0.00000;0.00000;0.00000;0.00000;0.00000;0.00000;0.00000;0.00000;0.00000;0.00000
Democratic Republic of the Congo;2075.28975;9011.98825;-15859.19461;4076.77451;19352.69588;79124.84029;4062.85342;19267.40752;78148.31796;1394769.51796;4903.38133;47346.61100;578395.01169;1895016.21169;82;0;0;0;0;16;644864.34341;0.00000;0.00000;0.00000;0;0;0;0;0;0;0;0;0;0;0;0.00000;0.00000;0.00000;0.00000;0.00000;0.00000;0.00000;0.00000;0.00000;0.00000;0.00000
Denmark;600.50332;634.63474;138.07263;1182.54349;1256.78580;303.91936;1178.38496;1252.29223;302.55148;6549.35148;1673.64752;1861.63730;752.89244;6999.69244;0;82;0;0;0;16;0.00000;92.97600;0.00000;0.00000;57;9;6;12;9;58;15;53;6;8;13;21.48797;3.82011;1.47107;5.60071;3.31371;23.13348;7.24134;16.27367;1.40711;2.75125;6.47558
Djibouti;22.19499;22.52096;9.89834;47.60695;48.38202;22.93587;47.39769;48.16872;22.82834;78.82834;115.99537;118.39195;58.23050;114.23050;0;0;20;62;15;1;0.00000;0.00000;4.68236;0.00000;0;0;0;0;0;0;0;0;0;0;0;0.00000;0.00000;0.00000;0.00000;0.00000;0.00000;0.00000;0.00000;0.00000;0.00000;0.00000
Dominica;0.45768;3.04604;0.00000;1.03803;6.59511;0.00000;1.03325;6.56584;0.00000;478.70000;2.60913;16.20300;0.00000;478.70000;0;0;20;62;15;1;0.00000;0.00000;0.64740;0.00000;0;0;0;0;0;0;0;0;0;0;0;0.00000;0.00000;0.00000;0.00000;0.00000;0.00000;0.00000;0.00000;0.00000;0.00000;0.00000
Dominican Republic;405.21843;522.54726;1325.54650;807.09210;1067.81622;2845.88653;804.37509;1063.87795;2833.34703;23869.84703;901.69382;1597.92341;6961.68511;27998.18511;0;82;0;0;0;16;0.00000;81.48441;0.00000;0.00000;59;0;14;10;16;56;19;62;0;2;8;18.76012;0.00000;5.29082;3.13175;6.83861;14.13447;7.83873;23.61962;0.00000;0.22023;1.65007
Ecuador;597.36684;1262.03820;-10530.63950;1174.78386;2531.69656;-22608.79202;1171.01673;2522.52629;-22509.17352;105682.62648;910.99657;3766.05076;-55306.24256;72885.55744;0;82;0;0;0;16;0.00000;189.76259;0.00000;0.00000;39;58;30;8;8;52;8;13;17;8;5;25.52371;51.69745;24.18111;5.95464;5.53401;33.66747;5.07218;12.54346;17.61474;5.74793;2.22588
Egypt;3988.94792;3991.33971;-58.87775;7959.70069;7964.60489;-99.28234;7931.02299;7935.90750;-98.94909;385.25091;11816.94101;11827.38935;-208.66388;275.53612;0;82;0;0;0;16;0.00000;593.83699;0.00000;0.00000;15;0;26;12;28;54;24;59;20;4;4;45.14797;0.00000;56.50045;33.04071;57.36738;110.29766;55.66301;174.35910;53.48410;3.72389;4.25270
El Salvador;140.56092;171.35494;-737.32500;303.83758;365.04230;-1583.00240;302.46946;363.44480;-1576.02740;4487.77260;772.17001;889.38432;-3872.38356;2191.41644;0;0;20;62;15;1;0.00000;0.00000;35.14033;0.00000;0;0;0;0;0;0;0;0;0;0;0;0.00000;0.00000;0.00000;0.00000;0.00000;0.00000;0.00000;0.00000;0.00000;0.00000;0.00000
Equatorial Guinea;39.13483;170.07924;-1369.78600;89.18836;361.20083;-2940.86668;88.73568;359.62449;-2927.90868;21974.29132;273.58213;878.59690;-7194.02813;17708.17187;0;0;20;62;15;1;0.00000;0.00000;34.62104;0.00000;0;0;0;0;0;0;0;0;0;0;0;0.00000;0.00000;0.00000;0.00000;0.00000;0.00000;0.00000;0.00000;0.00000;0.00000;0.00000
Eritrea;30.50280;87.01584;-517.76600;69.72925;187.61319;-1111.61946;69.39066;186.78348;-1106.72146;9603.87854;194.40174;459.94597;-2719.27379;7991.32621;0;0;17;65;16;0;0.00000;0.00000;18.20413;0.00000;0;0;0;0;0;0;0;0;0;0;0;0.00000;0.00000;0.00000;0.00000;0.00000;0.00000;0.00000;0.00000;0.00000;0.00000;0.00000
Estonia;108.92138;240.91400;297.64072;213.91789;498.53188;501.89530;213.05708;496.40709;500.21064;24710.31064;491.80364;1195.94384;1054.84445;25264.94445;0;0;20;62;15;1;0.00000;0.00000;47.03689;0.00000;0;0;0;0;0;0;0;0;0;0;0;0.00000;0.00000;0.00000;0.00000;0.00000;0.00000;0.00000;0.00000;0.00000;0.00000;0.00000
Eswatini;11.58984;38.70211;198.42966;24.63563;84.16495;425.94037;24.53380;83.78998;424.06390;5339.06390;52.87263;207.23997;1041.84749;5956.84749;0;0;20;62;15;1;0.00000;0.00000;8.26173;0.00000;0;0;0;0;0;0;0;0;0;0;0;0.00000;0.00000;0.00000;0.00000;0.00000;0.00000;0.00000;0.00000;0.00000;0.00000;0.00000
Ethiopia;1514.51956;2507.22715;33760.21836;2906.41935;5449.42831;124349.67133;2897.40633;5425.16154;123418.32931;297753.32931;2293.90057;13413.10081;600522.71905;774857.71905;81;1;0;0;0;16;603568.95002;31.31195;0.00000;0.00000;1;1;0;1;0;0;0;0;0;0;0;23.01463;5.79676;0.00000;2.50057;0.00000;0.00000;0.00000;0.00000;0.00000;0.00000;0.00000
Fiji;-50.14948;12.64489;1094.51800;-99.48913;42.61400;2349.87911;-99.05035;42.36682;2339.52511;13405.72511;-272.12531;123.74509;5748.33826;16814.53826;0;0;16;66;16;0;0.00000;0.00000;5.10307;0.00000;0;0;0;0;0;0;0;0;0;0;0;0.00000;0.00000;0.00000;0.00000;0.00000;0.00000;0.00000;0.00000;0.00000;0.00000;0.00000
Finland;-399.21034;812.45550;0.00000;-941.71156;1659.67849;0.00000;-936.36853;1653.55932;0.00000;224090.00000;-3880.24759;2483.34358;0.00000;224090.00000;0;82;0;0;0;16;0.00000;126.62793;0.00000;84.69954;19;55;8;9;8;51;20;58;0;9;9;13.32053;25.60829;3.28064;4.12147;3.50504;21.54135;13.91629;32.87912;0.00000;4.28112;4.17408
France;4057.70260;5004.97519;13665.09000;8137.00951;10261.73234;29338.31110;8109.15087;10223.76477;29209.04110;197569.04110;9572.31451;15372.31995;71768.17534;240128.17534;0;82;0;0;0;16;0.00000;784.82179;0.00000;0.00000;53;0;9;47;12;60;18;27;2;8;10;142.55384;0.00000;27.32852;122.29890;42.33167;226.62917;72.60444;99.98788;1.80967;22.29211;26.98559
Gabon;-986.43379;283.82711;-1946.53800;-2107.49280;606.73943;-4179.12633;-2098.30313;604.07610;-4160.71233;231739.28767;-5072.89843;1480.91363;-10223.09260;225676.90740;0;0;20;62;15;1;0.00000;0.00000;58.44095;186.86761;0;0;0;0;0;0;0;0;0;0;0;0.00000;0.00000;0.00000;0.00000;0.00000;0.00000;0.00000;0.00000;0.00000;0.00000;0.00000
Gambia;27.53698;39.66877;-939.41628;65.84011;85.63281;-2016.83278;65.49687;85.25371;-2007.94643;705.45357;188.87565;210.06468;-4933.56797;-0.01715;0;0;17;65;16;0;0.00000;0.00000;8.31974;0.00000;0;0;0;0;0;0;0;0;0;0;0;0.00000;0.00000;0.00000;0.00000;0.00000;0.00000;0.00000;0.00000;0.00000;0.00000;0.00000
Georgia;80.97990;233.58848;0.00000;174.56834;502.21184;0.00000;173.79643;499.99628;0.00000;28224.00000;427.92690;1229.41736;0.00000;28224.00000;0;0;20;62;15;1;0.00000;0.00000;48.60137;0.00000;0;0;0;0;0;0;0;0;0;0;0;0.00000;0.00000;0.00000;0.00000;0.00000;0.00000;0.00000;0.00000;0.00000;0.00000;0.00000
Germany;9255.18989;9872.62093;0.00000;18239.56156;19565.15721;0.00000;18175.39685;19495.15168;0.00000;114190.00000;25745.47439;28988.18257;0.00000;114190.00000;0;82;0;0;0;16;0.00000;1448.33346;0.00000;0.00000;15;0;5;53;9;58;26;64;3;4;9;113.58804;0.00000;12.69171;252.12194;44.59899;298.79628;184.96136;485.75143;5.19453;9.90268;40.72649
Ghana;-34.58274;399.15166;2367.38288;46.26027;990.12111;4537.48504;45.64853;985.24690;4519.58642;83323.98642;197.58278;2589.96796;10412.29148;89216.69148;0;0;20;62;15;1;0.00000;0.00000;114.42666;2.85778;0;0;0;0;0;0;0;0;0;0;0;0.00000;0.00000;0.00000;0.00000;0.00000;0.00000;0.00000;0.00000;0.00000;0.00000;0.00000
Greece;884.64827;1095.62052;-0.05135;1701.40192;2154.34929;-0.08658;1695.75089;2146.70249;-0.08629;39017.94371;2075.62819;3183.63902;-0.18197;39017.84803;0;82;0;0;0;16;0.00000;158.20055;0.00000;0.00000;21;6;11;14;35;55;11;59;4;5;25;13.92545;2.21688;8.84732;11.09716;15.56821;31.40505;8.50759;48.96160;1.33297;1.81350;14.52482
Grenada;30.37873;31.33577;0.00000;65.37631;67.43104;0.00000;65.08765;67.13334;0.00000;177.00000;160.12024;165.14659;0.00000;177.00000;0;0;20;62;15;1;0.00000;0.00000;6.53073;0.00000;0;0;0;0;0;0;0;0;0;0;0;0.00000;0.00000;0.00000;0.00000;0.00000;0.00000;0.00000;0.00000;0.00000;0.00000;0.00000
Guatemala;305.12446;493.87229;-1900.66000;602.70171;995.28122;-4080.62840;600.70610;991.65973;-4062.64840;31795.35160;606.20337;1482.74797;-9982.14429;25875.85571;0;82;0;0;0;16;0.00000;74.94654;0.00000;0.00000;60;22;11;20;11;58;11;43;0;0;10;21.01557;7.10054;3.76749;6.97993;3.25004;17.57892;3.70587;8.79977;0.00000;0.00000;2.74841
Guinea;192.81046;520.54906;-6554.00000;470.16811;1130.17561;-14071.13242;467.68985;1125.14751;-14009.13242;49880.86758;1454.94698;2780.53014;-34421.18721;29468.81279;0;0;17;65;16;0;0.00000;0.00000;110.39331;0.00000;0;0;0;0;0;0;0;0;0;0;0;0.00000;0.00000;0.00000;0.00000;0.00000;0.00000;0.00000;0.00000;0.00000;0.00000;0.00000
Guinea-Bissau;-49.96099;55.64245;-1382.89400;-97.84478;119.67454;-2969.00894;-97.49008;119.14641;-2955.92694;17266.17306;-178.11484;293.01942;-7262.87050;12959.22950;0;0;17;65;16;0;0.00000;0.00000;11.58826;0.00000;0;0;0;0;0;0;0;0;0;0;0;0.00000;0.00000;0.00000;0.00000;0.00000;0.00000;0.00000;0.00000;0.00000;0.00000;0.00000
Guyana;-751.45844;242.67984;-1507.97578;-1601.41648;522.91325;-3237.50351;-1594.45004;520.60193;-3223.23867;181390.36133;-3848.56424;1281.54897;-7919.60596;176693.99403;0;0;17;65;16;0;0.00000;0.00000;50.73583;130.08584;0;0;0;0;0;0;0;0;0;0;0;0.00000;0.00000;0.00000;0.00000;0.00000;0.00000;0.00000;0.00000;0.00000;0.00000;0.00000
Haiti;126.28561;144.52753;-509.57350;274.59329;310.36545;-1094.03055;273.35525;308.99765;-1089.21005;2539.28995;694.27333;759.31469;-2676.24731;952.25269;0;0;20;62;15;1;0.00000;0.00000;30.00855;0.00000;0;0;0;0;0;0;0;0;0;0;0;0.00000;0.00000;0.00000;0.00000;0.00000;0.00000;0.00000;0.00000;0.00000;0.00000;0.00000
Honduras;26.76985;367.00447;-3429.57669;81.59847;789.22619;-7364.56060;81.04645;785.74378;-7332.10554;57306.19446;352.48227;1932.24652;-18017.17834;46621.12166;0;0;17;65;16;0;0.00000;0.00000;76.40483;0.00000;0;0;0;0;0;0;0;0;0;0;0;0.00000;0.00000;0.00000;0.00000;0.00000;0.00000;0.00000;0.00000;0.00000;0.00000;0.00000
Hungary;692.61762;803.36798;-246.95378;1380.74651;1616.90565;-525.67496;1375.89791;1611.02978;-523.37611;20084.82389;1840.83532;2407.82207;-1280.21683;19327.98317;0;82;0;0;0;16;0.00000;121.59858;0.00000;0.00000;26;8;11;48;9;55;19;55;5;7;3;16.56667;3.35875;6.14590;21.03439;4.76166;25.71981;12.98581;26.26332;1.16967;3.04846;0.54415
Iceland;51.08168;53.97032;106.04481;105.54578;112.45826;228.43312;105.09967;111.97586;227.42369;709.02369;249.17996;270.79426;559.75745;1041.35745;0;0;20;62;15;1;0.00000;0.00000;10.67316;0.00000;0;0;0;0;0;0;0;0;0;0;0;0.00000;0.00000;0.00000;0.00000;0.00000;0.00000;0.00000;0.00000;0.00000;0.00000;0.00000
India;37910.41705;41858.12312;43649.64000;75754.94760;84521.07764;93713.74192;75487.82052;84212.93921;93300.82192;801580.82192;102629.42434;125997.74486;229245.10685;937525.10685;0;82;0;0;0;16;0.00000;6376.18760;0.00000;0.00000;62;0;8;11;11;18;56;64;8;7;1;1478.69025;0.00000;154.65497;306.07691;290.09686;550.69987;1029.01431;2280.64463;162.92597;115.99129;7.39253
Indonesia;15524.54905;20405.64841;-96940.78163;30913.12267;40738.31181;-209175.79704;30804.19877;40591.45665;-208250.10217;742028.89783;40788.67045;60505.60462;-513013.56203;437265.43797;0;82;0;0;0;16;0.00000;3038.38914;0.00000;0.00000;37;62;22;7;8;22;19;54;15;0;0;300.93245;1131.66228;266.39291;55.17074;61.51147;266.10535;253.84314;484.73341;218.03740;0.00000;0.00000
Iraq;3174.52749;3219.13565;0.00000;6427.76995;6523.54159;0.00000;6404.32546;6499.67512;0.00000;8250.00000;9501.78593;9736.06514;0.00000;8250.00000;0;82;0;0;0;16;0.00000;493.88956;0.00000;0.00000;10;0;11;11;15;54;14;64;65;0;2;15.71349;0.00000;22.50875;17.67771;29.79364;59.28726;29.22318;140.22346;178.09335;0.00000;1.36873
Ireland;870.63205;913.68062;781.19984;1725.01822;1822.31186;1619.24265;1718.92418;1815.74916;1612.33062;9159.03062;2435.45479;2705.67767;3887.95579;11434.65579;0;82;0;0;0;16;0.00000;135.80159;0.00000;0.00000;62;20;5;32;9;51;12;42;0;4;9;46.69800;13.65507;1.46768;16.97630;5.24107;21.05374;7.61836;18.19761;0.00000;0.91634;3.97742
Israel;1139.42360;1146.70062;-427.89062;2287.43196;2301.37759;-721.52861;2279.13972;2293.03779;-719.10674;930.89326;3401.08681;3423.94758;-1516.45263;133.54737;0;82;0;0;0;16;0.00000;172.58404;0.00000;0.00000;6;0;21;4;58;61;11;67;4;5;9;2.67844;0.00000;16.75409;0.98279;29.63045;34.00789;8.39413;71.79898;1.11148;1.61567;5.61012
Italy;4405.27447;4931.80714;8816.76850;8685.95923;9875.09627;18929.19089;8655.97725;9839.39275;18845.78539;111816.58539;11383.32932;14680.93216;46305.10210;139275.90210;0;82;0;0;0;16;0.00000;738.58535;0.00000;0.00000;17;0;10;54;11;58;15;60;5;7;9;64.48766;0.00000;31.36181;124.41070;36.69542;174.20584;58.59638;201.52997;7.63300;12.91168;26.75288
Jamaica;101.08490;134.02989;636.82072;208.25409;283.22525;1367.27457;207.38870;281.99471;1361.24991;7135.84991;475.64663;687.12046;3344.72755;9119.32755;0;0;20;62;15;1;0.00000;0.00000;27.17643;0.00000;0;0;0;0;0;0;0;0;0;0;0;0.00000;0.00000;0.00000;0.00000;0.00000;0.00000;0.00000;0.00000;0.00000;0.00000;0.00000
Japan;13651.50082;14999.65981;-154.04063;27122.11957;30015.93113;-259.75030;27026.40829;29907.47427;-258.87842;249181.12158;37539.81405;44614.65960;-545.92295;248894.07706;0;82;0;0;0;16;0.00000;2243.85516;0.00000;0.00000;7;0;3;21;13;60;58;68;2;6;8;38.18688;0.00000;8.10874;210.21405;121.40349;378.88082;350.25263;1052.70457;6.33330;27.77801;49.99268
Jordan;464.15698;469.42885;0.00000;988.05160;999.37007;0.00000;983.73061;994.99921;0.00000;975.00000;2406.31640;2434.00394;0.00000;975.00000;0;0;20;62;15;1;0.00000;0.00000;96.11286;0.00000;0;0;0;0;0;0;0;0;0;0;0;0.00000;0.00000;0.00000;0.00000;0.00000;0.00000;0.00000;0.00000;0.00000;0.00000;0.00000
Kazakhstan;3550.49107;3922.61805;105936.32118;6515.19407;8474.90569;358913.52260;6497.63135;8437.35921;356312.68673;389397.24873;2372.63987;20798.66130;1651857.64051;1684942.20251;82;0;0;0;4;12;1681862.48984;0.00000;0.00000;0.00000;0;0;0;0;0;0;0;0;0;0;0;0.00000;0.00000;0.00000;0.00000;0.00000;0.00000;0.00000;0.00000;0.00000;0.00000;0.00000
Kenya;805.44155;1037.41285;21697.32649;1578.37534;2307.85266;72088.60665;1573.37268;2297.37429;71570.53843;106794.63843;-27.66262;4348.53146;302306.78530;337530.88530;50;32;0;0;0;16;152554.48939;159.13450;0.00000;0.00000;29;0;4;14;15;21;8;1;0;0;4;111.30443;0.00000;1.67931;9.17386;10.07390;20.01671;4.50008;0.46175;0.00000;0.00000;1.92446
Kiribati;1.29595;1.35975;0.00000;2.81332;2.95031;0.00000;2.80081;2.93719;0.00000;11.80000;6.92110;7.25619;0.00000;11.80000;0;0;17;65;16;0;0.00000;0.00000;0.28783;0.00000;0;0;0;0;0;0;0;0;0;0;0;0.00000;0.00000;0.00000;0.00000;0.00000;0.00000;0.00000;0.00000;0.00000;0.00000;0.00000
Kuwait;1841.76036;1842.09831;0.00000;3725.05117;3725.77671;0.00000;3711.44927;3712.17161;0.00000;62.50000;5555.30266;5557.07751;0.00000;62.50000;0;82;0;0;0;16;0.00000;281.56701;0.00000;0.00000;1;0;7;3;54;23;22;68;58;0;10;0.30702;0.00000;4.40052;0.80472;40.06479;27.57594;26.98257;124.23487;48.31334;0.00000;8.88325
Kyrgyzstan;126.28006;200.27331;2515.68940;269.83297;446.68234;5618.92375;268.72768;444.65000;5593.32881;18111.42881;561.88257;1113.75017;14019.86516;26537.96516;0;0;20;62;15;1;0.00000;0.00000;45.70246;0.00000;0;0;0;0;0;0;0;0;0;0;0;0.00000;0.00000;0.00000;0.00000;0.00000;0.00000;0.00000;0.00000;0.00000;0.00000;0.00000
Lao People's Democratic Republic;-347.06860;544.30392;-5652.82500;-686.54906;1189.55358;-12136.35171;-683.91353;1184.23168;-12082.87671;155597.12329;-1403.81270;2936.34548;-29688.27397;137991.72603;0;0;17;65;16;0;0.00000;0.00000;116.90326;88.45836;0;0;0;0;0;0;0;0;0;0;0;0.00000;0.00000;0.00000;0.00000;0.00000;0.00000;0.00000;0.00000;0.00000;0.00000;0.00000
Latvia;-17.96719;167.12386;634.09950;-45.16057;356.44269;1361.38206;-44.91784;354.88123;1355.38356;35269.78356;-141.40985;868.95843;3330.24986;37244.64986;0;0;20;62;15;1;0.00000;0.00000;34.32664;0.00000;0;0;0;0;0;0;0;0;0;0;0;0.00000;0.00000;0.00000;0.00000;0.00000;0.00000;0.00000;0.00000;0.00000;0.00000;0.00000
Lebanon;411.33848;419.19196;98.31000;866.81261;884.32815;211.06699;863.05880;880.49178;210.13699;1613.43699;2096.34349;2143.52465;516.31781;1919.61781;0;0;20;62;15;1;0.00000;0.00000;84.62507;0.00000;0;0;0;0;0;0;0;0;0;0;0;0.00000;0.00000;0.00000;0.00000;0.00000;0.00000;0.00000;0.00000;0.00000;0.00000;0.00000
Lesotho;45.74187;47.60839;0.00000;96.51207;100.51938;0.00000;96.09332;100.08298;0.00000;345.20000;233.95493;243.75774;0.00000;345.20000;0;0;20;62;15;1;0.00000;0.00000;9.61671;0.00000;0;0;0;0;0;0;0;0;0;0;0;0.00000;0.00000;0.00000;0.00000;0.00000;0.00000;0.00000;0.00000;0.00000;0.00000;0.00000
Liberia;-205.52882;201.12731;-4958.10100;-408.65749;431.40663;-10644.81168;-407.12636;429.50733;-10597.90868;67089.49132;-781.59191;1054.80883;-26039.62813;51647.77187;0;0;20;62;15;1;0.00000;0.00000;41.67536;16.89145;0;0;0;0;0;0;0;0;0;0;0;0.00000;0.00000;0.00000;0.00000;0.00000;0.00000;0.00000;0.00000;0.00000;0.00000;0.00000
Liechtenstein;-0.16415;0.19812;0.00000;-0.34845;0.42933;0.00000;-0.34693;0.42742;0.00000;67.00000;-0.84738;1.05526;0.00000;67.00000;0;0;17;65;16;0;0.00000;0.00000;0.04186;0.00000;0;0;0;0;0;0;0;0;0;0;0;0.00000;0.00000;0.00000;0.00000;0.00000;0.00000;0.00000;0.00000;0.00000;0.00000;0.00000
Lithuania;201.75679;321.06445;346.35312;435.87486;694.01635;686.97319;433.95253;690.94031;684.16381;22554.16381;1059.06925;1703.65557;1609.08505;23479.08505;0;0;17;65;16;0;0.00000;0.00000;67.48258;0.00000;0;0;0;0;0;0;0;0;0;0;0;0.00000;0.00000;0.00000;0.00000;0.00000;0.00000;0.00000;0.00000;0.00000;0.00000;0.00000
Luxembourg;136.81179;141.60784;0.00000;273.53076;283.82767;0.00000;272.54893;282.80047;0.00000;887.00000;396.90436;422.09292;0.00000;887.00000;0;82;0;0;0;16;0.00000;21.25011;0.00000;0.00000;14;0;3;57;11;68;21;8;1;3;60;1.21941;0.00000;0.09947;3.13411;0.84441;10.24681;1.84615;0.44776;0.01409;0.08562;3.31228
Madagascar;-178.49614;526.11550;17250.69590;-581.33445;1129.58155;60622.88310;-576.83071;1124.60427;60176.97754;185135.87754;-3638.58853;2763.25868;256417.29525;381376.19525;49;0;8;25;7;9;127107.37504;0.00000;47.36398;77.59993;0;0;0;0;0;0;0;0;0;0;0;0.00000;0.00000;0.00000;0.00000;0.00000;0.00000;0.00000;0.00000;0.00000;0.00000;0.00000
Malawi;151.80943;265.77036;-6881.70000;384.42234;583.27754;-14774.68904;382.30359;580.65880;-14709.58904;9807.41096;1206.67603;1442.81921;-36142.24658;-0.08000;0;0;17;65;16;0;0.00000;0.00000;57.55115;0.00000;0;0;0;0;0;0;0;0;0;0;0;0.00000;0.00000;0.00000;0.00000;0.00000;0.00000;0.00000;0.00000;0.00000;0.00000;0.00000
Malaysia;3575.14767;4598.83310;-9918.88409;7272.94245;9409.37079;-20511.34586;7247.10679;9374.62609;-20423.98108;174218.21892;9266.97937;14086.14653;-49186.79885;145455.40115;0;82;0;0;0;16;0.00000;719.07726;0.00000;0.00000;8;57;12;5;12;53;18;63;10;3;5;18.66044;126.65711;40.93678;6.52774;42.24867;108.65396;63.73702;266.80967;32.05040;3.29645;9.49902
Maldives;31.41449;31.45882;0.00000;68.46068;68.55587;0.00000;68.15513;68.24990;0.00000;8.20000;168.75052;168.98338;0.00000;8.20000;0;0;20;62;15;1;0.00000;0.00000;6.71641;0.00000;0;0;0;0;0;0;0;0;0;0;0;0.00000;0.00000;0.00000;0.00000;0.00000;0.00000;0.00000;0.00000;0.00000;0.00000;0.00000
Mali;-208.24509;586.84870;42662.14001;-882.26872;1282.37836;136948.04926;-874.21845;1276.64175;136213.15654;269173.15654;-6715.84472;3165.28607;566006.48799;698966.48799;56;0;0;26;15;1;372142.71423;0.00000;0.00000;103.90738;0;0;0;0;0;0;0;0;0;0;0;0.00000;0.00000;0.00000;0.00000;0.00000;0.00000;0.00000;0.00000;0.00000;0.00000;0.00000
Malta;121.17040;121.19670;2.16734;262.56397;262.63088;3.92917;261.39783;261.46436;3.91464;7.41464;645.28371;645.51538;8.69872;12.19872;0;0;20;62;15;1;0.00000;0.00000;25.60571;0.00000;0;0;0;0;0;0;0;0;0;0;0;0.00000;0.00000;0.00000;0.00000;0.00000;0.00000;0.00000;0.00000;0.00000;0.00000;0.00000
Marshall Islands;2.21088;2.71914;0.00000;4.78008;5.87129;0.00000;4.75889;5.84530;0.00000;94.00000;11.73530;14.40467;0.00000;94.00000;0;0;17;65;16;0;0.00000;0.00000;0.57047;0.00000;0;0;0;0;0;0;0;0;0;0;0;0.00000;0.00000;0.00000;0.00000;0.00000;0.00000;0.00000;0.00000;0.00000;0.00000;0.00000
Mauritania;75.02633;125.55443;18468.88787;-50.29237;276.17024;72670.36185;-47.65981;274.92799;72040.80798;75441.20798;-2938.96505;683.91083;315952.18764;319352.58764;24;0;0;58;15;1;83585.24950;0.00000;0.00000;23.68066;0;0;0;0;0;0;0;0;0;0;0;0.00000;0.00000;0.00000;0.00000;0.00000;0.00000;0.00000;0.00000;0.00000;0.00000;0.00000
Mauritius;115.29256;117.39788;11.17522;247.63974;252.22273;21.86364;246.54843;251.11072;21.77549;404.77549;605.59167;617.21473;50.79888;433.79888;0;0;20;62;15;1;0.00000;0.00000;24.45584;0.00000;0;0;0;0;0;0;0;0;0;0;0;0.00000;0.00000;0.00000;0.00000;0.00000;0.00000;0.00000;0.00000;0.00000;0.00000;0.00000
Mexico;4924.56669;8454.51863;-20934.55872;9386.60130;16825.87539;-44945.57168;9357.77254;16765.41224;-44747.53302;618561.56698;7689.24356;24964.45797;-109947.14435;553361.95564;0;82;0;0;0;16;0.00000;1251.09803;0.00000;0.00000;51;8;14;9;12;54;16;58;14;5;5;194.92085;30.96994;93.33699;48.20846;80.55402;240.28259;102.86406;345.33357;89.44051;11.26164;13.92541
Micronesia;-0.23825;3.25015;4.91550;-0.30807;7.21409;10.55335;-0.30735;7.18140;10.50685;653.20685;-0.67251;17.94510;25.81589;668.51589;0;0;20;62;15;1;0.00000;0.00000;0.72821;0.00000;0;0;0;0;0;0;0;0;0;0;0;0.00000;0.00000;0.00000;0.00000;0.00000;0.00000;0.00000;0.00000;0.00000;0.00000;0.00000
Moldova;152.92157;173.82099;1.71156;329.13897;374.01576;2.88611;327.68559;372.36459;2.87643;3866.87643;806.15052;915.97437;6.06581;3870.06581;0;0;20;62;15;1;0.00000;0.00000;36.24149;0.00000;0;0;0;0;0;0;0;0;0;0;0;0.00000;0.00000;0.00000;0.00000;0.00000;0.00000;0.00000;0.00000;0.00000;0.00000;0.00000
Mongolia;126.50829;992.16917;55551.83718;-332.26860;2141.85110;188284.93853;-324.88109;2132.36872;187775.87709;329559.17709;-7190.49248;5254.22013;787288.91205;929072.21205;63;0;0;19;12;4;582494.02331;0.00000;0.00000;132.91441;0;0;0;0;0;0;0;0;0;0;0;0.00000;0.00000;0.00000;0.00000;0.00000;0.00000;0.00000;0.00000;0.00000;0.00000;0.00000
Montenegro;4.78781;49.50411;0.00000;10.64914;106.65296;0.00000;10.60080;106.18161;0.00000;8270.00000;26.51669;261.36384;0.00000;8270.00000;0;0;20;62;15;1;0.00000;0.00000;10.34260;0.00000;0;0;0;0;0;0;0;0;0;0;0;0.00000;0.00000;0.00000;0.00000;0.00000;0.00000;0.00000;0.00000;0.00000;0.00000;0.00000
Morocco;825.20556;1137.56347;1802.59906;1631.90147;2314.24979;3824.00295;1626.50560;2305.75103;3807.33076;60654.23076;1711.34205;3458.21714;9296.25987;66143.15987;0;82;0;0;0;16;0.00000;175.85839;0.00000;0.00000;55;0;12;18;12;57;15;62;0;9;6;29.55885;0.00000;9.41239;15.92469;9.84415;34.42588;13.40602;55.44433;0.00000;4.98093;2.86115
Mozambique;-611.63964;1413.68904;4380.39244;-1492.69906;3026.19802;43962.01453;-1484.35426;3012.89833;43555.07943;422955.07943;-5569.37671;7391.51241;205767.22176;585167.22176;42;0;9;31;8;8;91008.96612;0.00000;153.35601;206.00659;0;0;0;0;0;0;0;0;0;0;0;0.00000;0.00000;0.00000;0.00000;0.00000;0.00000;0.00000;0.00000;0.00000;0.00000;0.00000
Myanmar;1316.06190;2896.76984;-270.96855;2513.87386;6045.75564;30078.69629;2507.88299;6022.89165;29824.43390;329748.83390;-649.44282;9123.33996;113534.40067;413458.80067;18;64;0;0;0;16;24593.71287;430.14659;0.00000;0.00000;52;53;8;8;4;10;20;28;0;9;0;124.13131;230.95476;9.25370;8.88800;3.12346;11.07869;15.62258;17.32165;0.00000;9.77244;0.00000
Namibia;-103.50560;308.08841;22477.23124;-497.17902;666.62532;83537.86317;-492.29949;663.66817;83005.83411;152945.33411;-4137.41964;1637.24090;371597.40651;441536.90651;45;0;0;37;16;0;196280.86320;0.00000;0.00000;118.20726;0;0;0;0;0;0;0;0;0;0;0;0.00000;0.00000;0.00000;0.00000;0.00000;0.00000;0.00000;0.00000;0.00000;0.00000;0.00000
Nauru;1.07842;1.07842;0.00000;2.30167;2.30167;0.00000;2.29158;2.29158;0.00000;0.00000;5.61321;5.61321;0.00000;0.00000;0;0;20;62;15;1;0.00000;0.00000;0.22158;0.00000;0;0;0;0;0;0;0;0;0;0;0;0.00000;0.00000;0.00000;0.00000;0.00000;0.00000;0.00000;0.00000;0.00000;0.00000;0.00000
Nepal;307.47964;629.84959;0.00000;676.91438;1369.02762;0.00000;673.86735;1362.93100;0.00000;59620.30000;1677.03207;3370.09831;0.00000;59620.30000;0;0;17;65;16;0;0.00000;0.00000;133.84739;0.00000;0;0;0;0;0;0;0;0;0;0;0;0.00000;0.00000;0.00000;0.00000;0.00000;0.00000;0.00000;0.00000;0.00000;0.00000;0.00000
Netherlands;2802.54430;2822.68436;152.93628;5553.99437;5598.25205;328.29689;5534.15086;5578.20517;326.85054;3975.15054;8181.63729;8296.64222;803.02551;4451.32551;0;82;0;0;0;16;0.00000;414.80120;0.00000;0.00000;17;9;5;22;5;42;22;59;0;9;56;36.35941;12.38551;4.30637;43.74723;4.91935;52.86318;43.88105;114.69455;0.00000;13.01753;88.62701
New Zealand;486.65829;1024.59824;2387.28050;938.97881;2112.23965;5568.90680;936.44390;2104.38403;5542.66530;104008.76530;177.45393;3169.63807;14182.06749;112648.16749;0;82;0;0;0;16;0.00000;162.44543;0.00000;0.00000;67;0;12;7;8;61;28;42;5;7;9;83.06274;0.00000;7.48998;3.23608;4.02583;29.03923;12.50062;13.63987;1.35611;2.85420;5.24077
Nicaragua;329.24263;496.23018;-16385.00000;824.39301;1073.82747;-35177.83105;819.83244;1069.06355;-35022.83105;4052.46895;2385.54315;2637.47380;-86052.96804;-0.70000;0;0;17;65;16;0;0.00000;0.00000;104.52820;0.00000;0;0;0;0;0;0;0;0;0;0;0;0.00000;0.00000;0.00000;0.00000;0.00000;0.00000;0.00000;0.00000;0.00000;0.00000;0.00000
Niger;435.62608;576.17252;44301.75034;472.93218;1256.72625;147451.92916;475.41789;1251.11316;146387.63117;157805.63117;-3962.71836;3099.09178;604646.80098;616064.80098;51;0;0;31;16;0;371644.79921;0.00000;0.00000;21.93611;0;0;0;0;0;0;0;0;0;0;0;0.00000;0.00000;0.00000;0.00000;0.00000;0.00000;0.00000;0.00000;0.00000;0.00000;0.00000
Nigeria;3698.40050;4839.59605;-26756.70500;7510.86682;9782.83279;-57445.39811;7483.71169;9747.12966;-57192.28311;167242.21689;10210.49123;14588.61776;-140524.49680;83910.00320;0;82;0;0;0;16;0.00000;738.89159;0.00000;0.00000;54;27;9;21;14;42;10;13;53;0;3;157.14510;91.91907;27.41330;81.78264;52.59543;105.17749;25.53182;50.01043;144.59124;0.00000;2.72506
North Macedonia;78.06139;132.29611;121.34978;165.72051;282.63505;204.62551;164.99962;281.39508;203.93867;10147.93867;400.43597;689.62611;430.06596;10374.06596;0;0;20;62;15;1;0.00000;0.00000;27.26352;0.00000;0;0;0;0;0;0;0;0;0;0;0;0.00000;0.00000;0.00000;0.00000;0.00000;0.00000;0.00000;0.00000;0.00000;0.00000;0.00000
Norway;-96.00284;563.92208;1278.03000;-215.89346;1209.44281;2743.87082;-214.20565;1204.78045;2731.78082;124141.78082;-1706.02651;1837.01417;6712.13151;128122.13151;0;82;0;0;0;16;0.00000;96.29611;0.00000;11.90821;24;0;7;8;12;62;47;62;7;8;9;10.27761;0.00000;1.80796;2.26544;5.83484;26.64038;12.80659;29.02676;1.79704;2.58058;3.25893
Oman;1330.81739;1330.94335;-11.40406;2681.02495;2681.23345;-21.97503;2671.27273;2671.48082;-21.88784;8.11216;3993.74997;3993.97736;-50.59229;-0.00031;0;82;0;0;0;16;0.00000;201.82332;0.00000;0.00000;6;0;5;43;11;19;27;58;57;8;12;3.07112;0.00000;1.74094;28.95205;9.80504;21.31841;25.11524;49.07198;47.10924;4.50373;11.13558
Pakistan;5567.14290;5761.39321;-6773.55900;11385.49806;11757.53788;-14542.51536;11343.45949;11714.22998;-14478.43836;24847.56164;16975.37458;17586.95358;-35574.29699;3751.70301;0;82;0;0;0;16;0.00000;896.40153;0.00000;0.00000;65;6;7;16;14;38;49;42;8;0;1;396.58999;11.82836;16.85598;63.74579;58.37924;104.31569;113.77442;106.69528;23.18789;0.00000;1.02888
Palau;1.22179;3.47496;13.52147;2.56002;7.48680;28.90810;2.54937;7.45371;28.78119;438.68119;5.82599;18.34747;45.95625;455.85625;0;0;20;62;15;1;0.00000;0.00000;0.72584;0.00000;0;0;0;0;0;0;0;0;0;0;0;0.00000;0.00000;0.00000;0.00000;0.00000;0.00000;0.00000;0.00000;0.00000;0.00000;0.00000
Panama;239.10022;464.97487;-1870.08428;511.15843;983.65128;-4014.93358;508.86014;979.37333;-3997.24324;38711.85676;1314.40892;2387.78957;-9821.37656;32887.72344;0;0;20;62;15;1;0.00000;0.00000;94.51736;0.00000;0;0;0;0;0;0;0;0;0;0;0;0.00000;0.00000;0.00000;0.00000;0.00000;0.00000;0.00000;0.00000;0.00000;0.00000;0.00000
Papua New Guinea;-1232.22981;700.71017;-5511.19269;-2603.94239;1509.34726;-11824.30248;-2592.78887;1502.67776;-11772.23305;348471.97595;-6120.92331;3698.45451;-28914.87946;331329.32954;0;0;17;65;16;0;0.00000;0.00000;146.34325;247.05988;0;0;0;0;0;0;0;0;0;0;0;0.00000;0.00000;0.00000;0.00000;0.00000;0.00000;0.00000;0.00000;0.00000;0.00000;0.00000
Paraguay;461.29148;1284.11174;-45769.30322;1286.28299;2747.70935;-98264.61020;1278.14711;2735.63785;-97831.63804;77157.76196;3667.11510;6709.89729;-43178.36530;131811.03470;2;0;20;60;16;0;5895.93658;0.00000;262.85077;0.00000;0;0;0;0;0;0;0;0;0;0;0;0.00000;0.00000;0.00000;0.00000;0.00000;0.00000;0.00000;0.00000;0.00000;0.00000;0.00000
Peru;-1489.26696;2391.94678;-28218.32097;-3347.18426;4798.09040;-60532.94633;-3330.21332;4780.71174;-60266.42092;671678.87908;-11545.81665;7137.32873;-148013.69828;583931.60172;0;82;0;0;0;16;0.00000;359.62884;0.00000;254.03505;57;66;15;8;8;54;10;17;6;0;5;51.41738;179.28669;22.43423;8.78064;10.05449;42.43503;13.20186;24.01478;4.58046;0.00000;3.42328
Philippines;2533.11127;2927.82351;5716.48419;5048.83705;5934.32245;12273.06803;5031.33636;5912.60765;12218.99047;82360.49047;6439.10080;8857.22261;30022.76739;100164.26739;0;82;0;0;0;16;0.00000;449.38630;0.00000;0.00000;61;5;13;12;19;53;12;62;2;1;6;121.65860;4.20072;27.31495;24.23387;38.74168;61.33649;22.64384;142.96291;1.27855;0.44520;4.56948
Poland;3936.40781;4451.26462;2017.54688;7883.98337;9002.64787;4307.92316;7856.14864;8969.77495;4289.03253;98489.03253;10602.93372;13427.47524;10508.33048;104708.33048;0;82;0;0;0;16;0.00000;680.03385;0.00000;0.00000;24;0;8;47;11;58;19;64;2;9;4;65.57292;0.00000;18.00318;81.34366;29.36861;124.73419;57.00221;278.35916;1.52306;20.26691;3.85996
Portugal;665.79142;844.87291;0.00000;1281.35849;1665.83812;0.00000;1277.12306;1659.90859;0.00000;33120.00000;1523.45102;2463.97554;0.00000;33120.00000;0;82;0;0;0;16;0.00000;122.67738;0.00000;0.00000;41;2;25;11;15;57;18;56;0;7;14;14.11239;0.35544;12.34078;5.81604;9.16262;30.45120;10.64817;28.61131;0.00000;2.30763;8.87180
Qatar;1600.00475;1600.00475;0.00000;3225.05667;3225.05667;0.00000;3213.31954;3213.31954;0.00000;0.00000;4804.92236;4804.92236;0.00000;0.00000;0;82;0;0;0;16;0.00000;242.89675;0.00000;0.00000;2;0;5;1;8;23;57;71;67;0;12;0.49282;0.00000;1.82233;0.14891;4.15797;23.21016;34.14272;109.08823;60.08125;0.00000;9.75237
Republic of Korea;8711.67575;9049.88446;-1638.50000;17675.70101;18390.91889;-3517.78311;17611.29608;18323.45212;-3502.28311;59867.71690;25794.85754;27472.21626;-8605.29680;54764.70320;0;82;0;0;0;16;0.00000;1395.55102;0.00000;0.00000;7;0;5;16;49;56;25;67;3;4;14;25.61714;0.00000;14.74349;94.21064;158.39716;201.86809;128.48305;675.38237;4.13123;11.04305;81.67479
Romania;609.95583;984.94207;480.77791;1504.97416;2311.93732;810.70955;1498.96101;2302.35293;807.98833;69817.58833;1615.37453;3602.03410;1703.88617;70713.48617;0;82;0;0;0;16;0.00000;198.04824;0.00000;0.00000;46;0;12;19;12;52;28;57;12;7;1;30.69595;0.00000;10.79708;20.43095;10.93427;36.57462;26.03680;47.16997;11.60109;3.57999;0.22753
Russian Federation;-16183.86493;28472.43638;324875.25473;-34650.74043;64788.67608;1102312.91519;-34477.25596;64489.14606;1094320.14848;9243624.74847;-122242.79642;163086.04748;5188824.62342;13338129.22341;81;1;0;0;0;16;5179821.92983;386.49035;0.00000;1472.10020;0;0;0;0;0;0;1;1;1;0;0;0.00000;0.00000;0.00000;0.00000;0.00000;0.00000;64.82416;198.33338;123.33281;0.00000;0.00000
Rwanda;84.85489;99.96265;180.96563;182.24739;215.84097;380.63945;181.44918;214.88522;378.99258;3078.99258;439.69042;529.54171;921.18779;3621.18779;0;0;17;65;16;0;0.00000;0.00000;20.96927;0.00000;0;0;0;0;0;0;0;0;0;0;0;0.00000;0.00000;0.00000;0.00000;0.00000;0.00000;0.00000;0.00000;0.00000;0.00000;0.00000
Saint Kitts and Nevis;4.06700;4.66177;0.00000;8.71691;9.99387;0.00000;8.67856;9.94989;0.00000;110.00000;21.30497;24.42869;0.00000;110.00000;0;0;20;62;15;1;0.00000;0.00000;0.96557;0.00000;0;0;0;0;0;0;0;0;0;0;0;0.00000;0.00000;0.00000;0.00000;0.00000;0.00000;0.00000;0.00000;0.00000;0.00000;0.00000
Saint Lucia;10.44494;11.56799;0.00000;23.32830;25.73943;0.00000;23.22204;25.62254;0.00000;207.70000;58.20557;64.10373;0.00000;207.70000;0;0;20;62;15;1;0.00000;0.00000;2.61313;0.00000;0;0;0;0;0;0;0;0;0;0;0;0.00000;0.00000;0.00000;0.00000;0.00000;0.00000;0.00000;0.00000;0.00000;0.00000;0.00000
Saint Vincent and the Grenadines;2.81314;4.35631;0.00000;6.08082;9.39394;0.00000;6.05387;9.35239;0.00000;285.40000;14.92692;23.03156;0.00000;285.40000;0;0;17;65;16;0;0.00000;0.00000;0.91211;0.00000;0;0;0;0;0;0;0;0;0;0;0;0.00000;0.00000;0.00000;0.00000;0.00000;0.00000;0.00000;0.00000;0.00000;0.00000;0.00000
Samoa;0.65166;9.31040;-78.64800;1.78994;19.85625;-168.85359;1.77826;19.76927;-168.10959;1472.59041;7.67856;48.40552;-413.05425;1227.64575;0;0;20;62;15;1;0.00000;0.00000;1.91082;0.00000;0;0;0;0;0;0;0;0;0;0;0;0.00000;0.00000;0.00000;0.00000;0.00000;0.00000;0.00000;0.00000;0.00000;0.00000;0.00000
Sao Tome and Principe;2.68147;5.38072;-101.58700;6.42304;11.54191;-218.10255;6.38923;11.49110;-217.14155;332.85845;20.17795;28.22123;-533.52840;16.47160;0;0;20;62;15;1;0.00000;0.00000;1.11482;0.00000;0;0;0;0;0;0;0;0;0;0;0;0.00000;0.00000;0.00000;0.00000;0.00000;0.00000;0.00000;0.00000;0.00000;0.00000;0.00000
Saudi Arabia;9374.23959;9576.65503;83780.56469;19132.13037;20496.45476;286650.61048;19057.17399;20406.39015;284564.92177;294334.92177;20449.83321;32415.33936;956471.79868;966241.79868;31;51;0;0;0;16;297723.87309;1407.95654;0.00000;0.00000;4;0;9;3;27;31;21;36;16;0;6;9.71198;0.00000;52.59457;5.06534;216.26049;254.64861;174.53313;531.75771;137.67608;0.00000;25.70862
Senegal;28.17290;457.51862;-6554.00000;113.59159;991.74484;-14071.13242;112.69641;987.33863;-14009.13242;68672.46758;578.76163;2437.97886;-34421.18721;48260.41279;0;0;17;65;16;0;0.00000;0.00000;96.71982;0.00000;0;0;0;0;0;0;0;0;0;0;0;0.00000;0.00000;0.00000;0.00000;0.00000;0.00000;0.00000;0.00000;0.00000;0.00000;0.00000
Serbia;674.97130;822.25950;80.51128;1452.92423;1769.61942;161.90773;1446.50988;1761.80576;161.23639;27356.53639;3556.43165;4334.27109;382.26067;27577.56067;0;0;18;64;16;0;0.00000;0.00000;171.41387;0.00000;0;0;0;0;0;0;0;0;0;0;0;0.00000;0.00000;0.00000;0.00000;0.00000;0.00000;0.00000;0.00000;0.00000;0.00000;0.00000
Seychelles;14.90628;16.72846;0.00000;31.85458;35.76670;0.00000;31.71479;35.60968;0.00000;337.00000;77.73626;87.30621;0.00000;337.00000;0;0;20;62;15;1;0.00000;0.00000;3.44607;0.00000;0;0;0;0;0;0;0;0;0;0;0;0.00000;0.00000;0.00000;0.00000;0.00000;0.00000;0.00000;0.00000;0.00000;0.00000;0.00000
Sierra Leone;-7.59938;126.05759;-3232.76050;3.89508;269.32887;-6940.58607;3.70623;268.14719;-6910.00457;19425.29543;150.39748;657.18666;-16978.25059;9357.04941;0;0;20;62;15;1;0.00000;0.00000;25.93911;0.00000;0;0;0;0;0;0;0;0;0;0;0;0.00000;0.00000;0.00000;0.00000;0.00000;0.00000;0.00000;0.00000;0.00000;0.00000;0.00000
Singapore;3011.71445;3012.52523;-29.51696;6038.78136;6040.32565;-63.36050;6016.91789;6018.45699;-63.08137;101.63263;8981.45815;8983.93496;-154.98026;9.73374;0;82;0;0;0;16;0.00000;452.53792;0.00000;0.00000;0;0;8;0;54;12;26;66;2;0;78;0.00000;0.00000;5.43739;0.00000;29.69346;11.38503;23.20684;48.70676;0.80142;0.00000;333.30703
Slovakia;366.46184;470.63648;71.02984;728.02289;951.96907;119.77375;725.53550;948.49259;119.37172;19336.87172;870.21432;1419.91772;251.73114;19469.23114;0;82;0;0;0;16;0.00000;71.92629;0.00000;0.00000;14;0;10;22;13;56;56;60;11;3;1;4.83241;0.00000;2.81583;8.47036;4.13891;14.50945;14.61136;18.98046;3.21276;0.31165;0.04311
Slovenia;150.60374;217.18296;-333.17128;323.37544;464.10014;-715.25303;321.94076;462.06361;-712.10168;11767.89832;802.98561;1132.54362;-1749.60816;10730.39184;0;0;20;62;15;1;0.00000;0.00000;44.79193;0.00000;0;0;0;0;0;0;0;0;0;0;0;0.00000;0.00000;0.00000;0.00000;0.00000;0.00000;0.00000;0.00000;0.00000;0.00000;0.00000
Solomon Islands;412.85814;549.15040;-119.61050;939.13688;1230.95371;-256.79817;934.79274;1225.33032;-255.66667;25010.53333;2368.12504;3076.70208;-628.18667;24638.01333;0;0;17;65;16;0;0.00000;0.00000;123.51175;0.00000;0;0;0;0;0;0;0;0;0;0;0;0.00000;0.00000;0.00000;0.00000;0.00000;0.00000;0.00000;0.00000;0.00000;0.00000;0.00000
Somalia;204.78314;571.00314;18405.10510;197.49467;1226.96569;72267.15043;199.02167;1221.55542;71713.39959;135350.89959;-2174.02866;3002.75904;294317.90917;357955.40917;63;0;4;15;9;7;225060.57195;0.00000;27.92395;9.45806;0;0;0;0;0;0;0;0;0;0;0;0.00000;0.00000;0.00000;0.00000;0.00000;0.00000;0.00000;0.00000;0.00000;0.00000;0.00000
South Africa;6054.36828;6969.99278;-5964.14000;12017.37027;13943.46827;-12804.73050;11975.16419;13893.10148;-12748.31050;159572.58950;16274.30581;20723.03909;-31323.28037;140997.61963;0;82;0;0;0;16;0.00000;1042.21154;0.00000;0.00000;15;5;12;9;11;49;50;65;18;5;7;57.41862;11.49809;48.67028;37.66223;45.20307;93.07949;96.70443;557.16549;61.81369;11.54593;21.45023
South Sudan;472.25224;898.50186;21992.42816;787.08615;1946.28336;75245.88766;785.93977;1937.64144;74698.39363;146268.39363;-913.19234;4782.79199;346216.56635;417786.56635;63;0;5;14;4;12;235746.61069;0.00000;51.69130;0.00000;0;0;0;0;0;0;0;0;0;0;0;0.00000;0.00000;0.00000;0.00000;0.00000;0.00000;0.00000;0.00000;0.00000;0.00000;0.00000
Spain;3085.72341;4090.66572;695.04331;5984.71827;8146.93035;1495.85283;5964.98667;8117.63348;1489.24789;187001.04789;6770.36311;12090.40637;3663.76960;189175.56960;0;82;0;0;0;16;0.00000;605.95827;0.00000;0.00000;46;0;10;16;11;58;22;56;2;8;17;82.07673;0.00000;24.72732;47.42416;31.31472;159.33934;61.75360;129.38556;1.31002;14.40403;54.22279
Sri Lanka;385.95549;499.66215;-517.76600;768.06056;1008.73651;-1111.61946;765.41586;1005.05966;-1106.72146;20181.47854;937.73413;1503.65554;-2719.27379;18568.92621;0;82;0;0;0;16;0.00000;76.09158;0.00000;0.00000;54;11;17;11;14;58;7;58;0;5;11;13.07145;3.34801;6.76695;3.52848;5.21806;18.72835;1.71838;18.66067;0.00000;0.93213;4.11908
Sudan;549.72486;1667.42083;57531.27886;457.00070;3581.35633;217437.85152;462.12040;3565.57053;215793.86641;407893.16641;-7019.81363;8762.67950;994146.69933;1186245.99933;73;0;0;9;9;7;869183.40677;0.00000;0.00000;71.60738;0;0;0;0;0;0;0;0;0;0;0;0.00000;0.00000;0.00000;0.00000;0.00000;0.00000;0.00000;0.00000;0.00000;0.00000;0.00000
Suriname;-641.85708;177.75295;-1906.12453;-1364.11220;382.60815;-4138.36049;-1358.21178;380.91854;-4119.94940;148396.75060;-3249.90420;937.18325;-10181.37286;142335.32714;0;0;17;65;16;0;0.00000;0.00000;37.06941;113.19916;0;0;0;0;0;0;0;0;0;0;0;0.00000;0.00000;0.00000;0.00000;0.00000;0.00000;0.00000;0.00000;0.00000;0.00000;0.00000
Sweden;-861.00432;651.88827;0.00000;-1874.37303;1373.73682;0.00000;-1865.27490;1368.52318;0.00000;279800.00000;-5870.10112;2075.51363;0.00000;279800.00000;0;82;0;0;0;16;0.00000;107.75118;0.00000;214.75227;32;0;7;9;10;62;25;46;0;6;49;15.66364;0.00000;1.66079;3.46782;4.14531;32.18215;13.77955;17.26626;0.00000;1.60071;17.98496
Switzerland;553.93650;623.15163;563.64400;1094.67358;1247.02760;1210.11739;1090.86967;1242.52157;1204.78539;13723.88539;1456.01423;1853.55605;2960.22210;15479.32210;0;82;0;0;0;16;0.00000;93.21354;0.00000;0.00000;44;0;6;60;15;62;26;14;2;5;12;10.79479;0.00000;1.34067;22.13263;6.61838;30.21513;9.33953;6.17701;0.21085;0.78822;5.59630
Syrian Arab Republic;586.07452;614.30365;0.00000;1263.30895;1323.91557;0.00000;1257.72324;1318.06282;0.00000;5220.80000;3096.68863;3244.94619;0.00000;5220.80000;0;0;17;65;16;0;0.00000;0.00000;128.39001;0.00000;0;0;0;0;0;0;0;0;0;0;0;0.00000;0.00000;0.00000;0.00000;0.00000;0.00000;0.00000;0.00000;0.00000;0.00000;0.00000
Tajikistan;196.33230;219.38136;105.38750;433.56452;483.86268;246.33373;431.61145;481.68128;245.17123;4463.17123;1071.40316;1199.85503;627.89726;4845.89726;0;0;17;65;16;0;0.00000;0.00000;47.90089;0.00000;0;0;0;0;0;0;0;0;0;0;0;0.00000;0.00000;0.00000;0.00000;0.00000;0.00000;0.00000;0.00000;0.00000;0.00000;0.00000
Thailand;4793.13593;5861.37191;-6035.52500;9615.62714;11869.27429;-12894.90833;9581.83741;11825.88148;-12838.33333;187771.66667;12460.83947;17710.12078;-31464.33333;169145.66667;0;82;0;0;0;16;0.00000;898.04614;0.00000;0.00000;30;9;8;6;53;44;21;55;8;6;6;132.83036;32.41768;23.75665;12.98602;177.86791;148.73835;106.88700;205.59327;25.13964;13.38051;18.44875
Timor-Leste;35.01750;84.57719;-231.52469;74.53717;179.39168;-498.14798;74.20445;178.60967;-495.94892;8785.05108;189.82023;436.06937;-1219.93898;8061.06102;0;0;20;62;15;1;0.00000;0.00000;17.19165;0.00000;0;0;0;0;0;0;0;0;0;0;0;0.00000;0.00000;0.00000;0.00000;0.00000;0.00000;0.00000;0.00000;0.00000;0.00000;0.00000
Togo;52.62913;117.50409;-484.99600;119.71173;255.76648;-1041.26380;119.14434;254.62611;-1036.67580;11204.02420;318.62554;630.06441;-2547.16785;9693.53215;0;0;17;65;16;0;0.00000;0.00000;25.04883;0.00000;0;0;0;0;0;0;0;0;0;0;0;0.00000;0.00000;0.00000;0.00000;0.00000;0.00000;0.00000;0.00000;0.00000;0.00000;0.00000
Tonga;3.71602;4.19995;0.00000;8.14587;9.18484;0.00000;8.10933;9.14373;0.00000;89.50000;20.13817;22.67974;0.00000;89.50000;0;0;17;65;16;0;0.00000;0.00000;0.90344;0.00000;0;0;0;0;0;0;0;0;0;0;0;0.00000;0.00000;0.00000;0.00000;0.00000;0.00000;0.00000;0.00000;0.00000;0.00000;0.00000
Trinidad and Tobago;369.76336;382.02922;-68.81700;778.03895;803.91504;-147.74689;774.66956;800.43540;-147.09589;2155.80411;1885.76116;1946.02603;-361.42247;1941.47753;0;0;20;62;15;1;0.00000;0.00000;76.64971;0.00000;0;0;0;0;0;0;0;0;0;0;0;0.00000;0.00000;0.00000;0.00000;0.00000;0.00000;0.00000;0.00000;0.00000;0.00000;0.00000
Tunisia;498.01579;536.27682;250.69050;1078.79259;1162.60616;538.22082;1074.00973;1157.44030;535.84932;7486.64932;2642.09858;2858.17777;1316.61041;8267.41041;0;0;20;62;15;1;0.00000;0.00000;114.71250;0.00000;0;0;0;0;0;0;0;0;0;0;0;0.00000;0.00000;0.00000;0.00000;0.00000;0.00000;0.00000;0.00000;0.00000;0.00000;0.00000
TÃ¼rkiye;5092.85102;6319.12754;22308.94662;10205.79444;12995.83520;49393.64456;10171.15573;12947.61186;49170.25468;265473.25468;11620.63655;19486.89014;122716.16386;339019.16386;0;82;0;0;0;16;0.00000;997.67723;0.00000;0.00000;22;0;9;26;18;49;44;59;6;7;6;110.50699;0.00000;31.97839;119.16737;96.59661;160.60613;141.95136;289.05877;14.22280;17.79253;15.79628
Turkmenistan;2232.87837;2485.96066;16764.86377;4586.42499;5315.82756;57360.06258;4568.11893;5292.48731;56942.70699;98212.70699;9188.79133;12976.72047;228559.20615;269829.20615;44;0;9;29;8;8;100327.34940;0.00000;267.62206;0.00000;0;0;0;0;0;0;0;0;0;0;0;0.00000;0.00000;0.00000;0.00000;0.00000;0.00000;0.00000;0.00000;0.00000;0.00000;0.00000
Tuvalu;0.26951;0.32358;0.00000;0.58506;0.70115;0.00000;0.58246;0.69803;0.00000;10.00000;1.43929;1.72327;0.00000;10.00000;0;0;20;62;15;1;0.00000;0.00000;0.06834;0.00000;0;0;0;0;0;0;0;0;0;0;0;0.00000;0.00000;0.00000;0.00000;0.00000;0.00000;0.00000;0.00000;0.00000;0.00000;0.00000
Uganda;581.59724;700.88878;-6759.19712;1298.49005;1509.60518;-14511.70975;1292.38061;1502.93502;-14447.76838;10993.83162;3440.02833;3698.92712;-35498.97564;-0.02932;0;0;17;65;16;0;0.00000;0.00000;146.34720;0.00000;0;0;0;0;0;0;0;0;0;0;0;0.00000;0.00000;0.00000;0.00000;0.00000;0.00000;0.00000;0.00000;0.00000;0.00000;0.00000
Ukraine;2480.19888;3036.35182;18148.12341;4762.05596;6124.83669;48847.45503;4747.18059;6102.52973;48594.25229;145164.25229;4625.65143;9127.44307;131955.35385;228525.35385;8;74;0;0;0;16;12290.61884;447.79486;0.00000;0.00000;43;0;13;20;10;21;46;55;8;6;0;63.11068;0.00000;28.14524;42.72839;18.14874;45.21560;69.44251;164.33153;10.57726;6.09491;0.00000
United Arab Emirates;4048.13391;4065.29048;0.00000;8113.66052;8150.49487;0.00000;8084.31693;8120.98898;0.00000;3173.00000;12032.00076;12122.10596;0.00000;3173.00000;0;82;0;0;0;16;0.00000;610.60909;0.00000;0.00000;3;0;15;0;9;20;60;59;21;0;59;2.47625;0.00000;41.59644;0.00000;15.01592;64.35065;142.05357;141.01727;68.30527;0.00000;135.79372
United Kingdom of Great Britain and Northern Ireland;5860.44049;6034.29443;1253.68438;11518.05278;11899.96834;2745.36534;11477.44112;11857.60279;2733.06221;34283.06221;16610.95003;17602.54117;6783.57934;38333.57934;0;82;0;0;0;16;0.00000;876.54013;0.00000;0.00000;20;7;9;53;9;57;13;55;6;5;12;98.84847;23.62074;31.64050;166.39751;32.22839;205.63769;61.59956;183.21157;13.73168;9.59403;50.03000
United Republic of Tanzania;-438.30105;2084.16199;-6832.91061;-1081.90405;4495.98187;33421.54687;-1075.49943;4476.08960;33007.69441;513907.69441;-4561.86537;11025.15602;200607.68781;681507.68782;43;0;9;30;8;8;95987.47753;0.00000;228.76402;179.56871;0;0;0;0;0;0;0;0;0;0;0;0.00000;0.00000;0.00000;0.00000;0.00000;0.00000;0.00000;0.00000;0.00000;0.00000;0.00000
United States of America;57208.03478;73956.28111;-5134.68750;113020.30105;148956.73601;-8658.34332;112636.77251;148415.03601;-8629.28082;3092320.71918;134099.51320;221871.72618;-18197.43151;3082752.56849;0;82;0;0;0;16;0.00000;11206.27591;0.00000;0.00000;15;0;7;43;10;62;21;62;17;3;6;732.99969;0.00000;240.48422;1024.08690;455.86811;3221.56709;855.22485;3656.84261;784.63662;47.01832;187.54752
Uruguay;347.02735;460.53928;3543.54375;672.67030;939.68458;7560.51139;670.57756;936.22390;7527.38014;26727.38014;597.93214;1405.50676;18435.07192;37635.07192;0;82;0;0;0;16;0.00000;71.59720;0.00000;0.00000;73;0;53;7;19;63;10;9;0;6;6;52.01597;0.00000;3.89518;1.02835;2.63388;7.23334;1.69146;1.56807;0.00000;0.65556;0.87538
Uzbekistan;2073.56928;2277.66044;4423.21128;4176.45928;4643.56230;9409.23125;4161.66700;4626.47428;9368.10742;44862.10742;5609.39882;6943.67782;22907.16821;58401.16821;0;82;0;0;0;16;0.00000;353.61309;0.00000;0.00000;56;0;9;53;10;17;14;59;19;9;0;72.18076;0.00000;13.42670;60.65044;15.47988;30.52223;23.07103;92.80974;36.01983;9.45248;0.00000
Vanuatu;-14.52170;9.39368;0.00000;-31.11689;20.22832;0.00000;-30.98002;20.13896;0.00000;4423.00000;-76.04267;49.55938;0.00000;4423.00000;0;0;17;65;16;0;0.00000;0.00000;1.96107;0.00000;0;0;0;0;0;0;0;0;0;0;0;0.00000;0.00000;0.00000;0.00000;0.00000;0.00000;0.00000;0.00000;0.00000;0.00000;0.00000
Venezuela;1365.30698;3854.21839;-11832.30469;1948.04499;7221.26540;-23900.82588;1946.38447;7196.94649;-23801.28682;443028.71318;-1940.52826;10494.68820;-56572.20291;410257.79709;0;82;0;0;0;16;0.00000;502.90929;0.00000;0.38414;49;55;10;5;11;14;9;30;63;0;0;77.08390;87.42747;20.87565;4.39446;22.15882;33.20873;16.45293;65.22137;176.08595;0.00000;0.00000
Viet Nam;4778.64401;5585.99212;15888.95003;9836.72261;11666.24702;32522.13243;9801.65984;11622.33163;32384.94483;173003.54483;12463.10468;17577.43418;77550.76227;218169.36226;0;82;0;0;0;16;0.00000;908.87609;0.00000;0.00000;42;0;11;6;36;16;56;62;9;6;2;136.12909;0.00000;39.39194;14.92707;130.27258;75.44181;174.06986;291.08277;33.45429;12.11989;1.98679
Zambia;-1168.63723;1221.99524;-30838.76428;-2361.24159;2610.35127;-38397.26783;-2351.25656;2598.90035;-38543.67030;419007.32970;-6043.20027;6368.84849;9655.93112;467206.93112;2;0;20;60;15;1;3758.49673;0.00000;250.26373;276.55702;0;0;0;0;0;0;0;0;0;0;0;0.00000;0.00000;0.00000;0.00000;0.00000;0.00000;0.00000;0.00000;0.00000;0.00000;0.00000
Zimbabwe;500.17284;1435.45864;-7548.56950;1176.30466;3134.06651;-16206.42676;1170.50845;3120.05668;-16135.01826;160614.28174;3276.12626;7732.46403;-39644.60237;137104.69763;0;0;17;65;16;0;0.00000;0.00000;307.37662;0.00000;0;0;0;0;0;0;0;0;0;0;0;0.00000;0.00000;0.00000;0.00000;0.00000;0.00000;0.00000;0.00000;0.00000;0.00000;0.00000
Afghanistan;331.15152;441.12368;24996.74971;442.14989;954.84615;84548.24758;442.85008;950.60906;84335.24861;96419.64861;-1758.47633;2345.57334;346436.83244;358521.23244;60;0;2;20;12;4;234787.00927;0.00000;10.93443;29.10399;0;0;0;0;0;0;0;0;0;0;0;0.00000;0.00000;0.00000;0.00000;0.00000;0.00000;0.00000;0.00000;0.00000;0.00000;0.00000
