Offset Credits Cost Adjustment,Emission Reduction Cost Adjustment,Reforestation Cost Adjustment,T15Year,T15CO2,T15ForestSize,T20Year,T20CO2,T20ForestSize,ForestSize2050,CO2Concentration2050,Temperature2050,ForestSize2100,CO2Concentration2100,Temperature2100
1.0,0.7,0.55,2031.0,443.01659,41633683.48898,2049.0,483.01286,45070259.24645,45294264.48105,484.61656,2.01916,62062568.78811,450.67624,1.60145
1.0,0.45,0.75,2031.0,443.01731,39806253.80441,2049.0,483.01027,38909658.80352,38832841.58993,485.6548,2.03157,36643798.35232,457.09348,1.68285
1.0,0.05,1.0,2031.0,443.01698,39806253.80441,2049.0,483.01073,38909561.63365,38832841.58993,485.6514,2.03153,36643798.35232,457.05025,1.68231
1.0,0.85,0.1,2031.0,443.01483,43388574.22746,2047.0,482.99828,49598746.3591,51361575.81983,491.11921,2.09645,89249653.31194,535.7244,2.59898
1.0,0.7,0.6,2031.0,443.01597,41451985.683,2049.0,483.01281,44441858.55348,44672044.96976,484.89204,2.02246,59939226.65821,452.26949,1.6218
1.0,0.85,0.6,2031.0,443.0165,42174761.20396,2049.0,483.01188,46536066.83755,46918458.38589,485.23323,2.02653,68862469.5776,460.77501,1.7291
1.0,0.75,0.45,2031.0,443.01592,42158174.00077,2050.0,483.01415,46648214.04093,46889347.45428,484.35216,2.016,68854120.33883,451.9151,1.61722
1.0,0.7,0.1,2031.0,443.01625,43337879.08686,2047.0,483.00045,49540722.58562,51116644.69533,490.16656,2.08519,87471543.32405,510.43381,2.31987
1.0,0.45,0.35,2031.0,443.01778,40446265.85101,2049.0,483.01179,40976550.60282,41027557.09704,485.18147,2.02592,44422752.77214,448.06341,1.56798
1.0,0.7,0.15,2031.0,443.01604,43016880.55361,2048.0,483.00348,48731931.08669,49972598.22892,488.91497,2.07036,82224898.76064,474.15724,1.89487
1.0,0.8,1.0,2031.0,443.01721,41070621.38559,2049.0,483.00918,42985175.68779,43222510.48959,485.97609,2.0354,54166524.74725,464.38287,1.77408
1.0,0.75,0.05,2031.0,443.01409,43453060.93556,2047.0,482.99954,49809674.30078,51564767.49165,490.87816,2.0936,90275916.88913,541.81694,2.66421
1.0,0.95,0.9,2031.0,443.01574,41864083.25204,2049.0,483.00867,45335983.09073,45814065.82076,486.52512,2.04195,65277004.78464,478.45359,1.94609
1.0,0.2,0.1,2031.0,443.01681,40362559.80895,2049.0,483.01052,40773621.14789,40830303.28398,485.40531,2.02859,44133694.61548,451.45547,1.61146
1.0,0.2,0.6,2031.0,443.01698,39806253.80441,2049.0,483.01073,38909561.63365,38832841.58993,485.6514,2.03153,36643798.35232,457.05025,1.68231
1.0,0.55,0.95,2031.0,443.01685,40028545.61915,2049.0,483.01132,39628772.9927,39601685.48785,485.37913,2.02828,39581726.93055,454.67131,1.65224
1.0,0.1,0.4,2031.0,443.01698,39806253.80441,2049.0,483.01073,38909561.63365,38832841.58993,485.6514,2.03153,36643798.35232,457.05025,1.68231
1.0,0.5,0.25,2031.0,443.01767,41456706.26617,2050.0,483.01543,44419187.65284,44555904.75737,484.11049,2.01311,59535780.28949,440.67093,1.47226
1.0,0.2,0.35,2031.0,443.01698,39806253.80441,2049.0,483.01073,38909561.63365,38832841.58993,485.6514,2.03153,36643798.35232,457.05025,1.68231
1.0,0.05,0.6,2031.0,443.01698,39806253.80441,2049.0,483.01073,38909561.63365,38832841.58993,485.6514,2.03153,36643798.35232,457.05025,1.68231
1.0,0.3,0.85,2031.0,443.01698,39806253.80441,2049.0,483.01073,38909561.63365,38832841.58993,485.6514,2.03153,36643798.35232,457.05025,1.68231
1.0,1.0,0.5,2031.0,443.01575,42698351.63423,2048.0,483.00732,47836114.60517,48666399.92735,487.32638,2.05149,75768051.53276,480.96129,1.97636
1.0,0.4,0.95,2031.0,443.017,39806253.80441,2049.0,483.01094,38909561.63365,38832841.58993,485.65165,2.03153,36643798.35232,457.0534,1.68235
1.0,0.1,0.3,2031.0,443.01698,39806253.80441,2049.0,483.01073,38909561.63365,38832841.58993,485.6514,2.03153,36643798.35232,457.05025,1.68231
1.0,1.0,0.85,2031.0,443.016,41879138.51295,2048.0,483.00715,45468624.31751,46057270.52434,487.16901,2.04962,67202730.08267,484.43126,2.01773
1.0,0.35,0.75,2031.0,443.01698,39806253.80441,2049.0,483.01073,38909561.63365,38832841.58993,485.65141,2.03153,36643798.35232,457.05035,1.68231
1.0,0.05,0.1,2031.0,443.01698,39806253.80441,2049.0,483.01073,38909561.63365,38832841.58993,485.6514,2.03153,36643798.35232,457.05025,1.68231
1.0,1.0,0.2,2031.0,443.01493,43043240.52052,2047.0,482.99934,48629970.65009,50107388.95949,490.46276,2.08869,83941192.23044,527.28298,2.50725
1.0,0.25,0.7,2031.0,443.01698,39806253.80441,2049.0,483.01073,38909561.63365,38832841.58993,485.6514,2.03153,36643798.35232,457.05025,1.68231
1.0,0.95,0.75,2031.0,443.01569,41971551.34821,2049.0,483.00838,45806963.88504,46341895.83743,486.58959,2.04272,67813989.21744,477.55416,1.93526
1.0,0.85,1.0,2031.0,443.01716,41396130.16749,2049.0,483.01009,44046091.67008,44374495.43451,486.02573,2.036,58624065.64917,466.40817,1.79914
1.0,0.8,0.45,2031.0,443.01801,42455351.6326,2050.0,483.01356,47436009.56792,47757420.91615,484.63152,2.01934,71862948.82678,453.26247,1.63441
1.0,0.7,1.0,2031.0,443.01569,40830269.10563,2049.0,483.01097,42131239.41644,42262358.86947,485.58785,2.03077,48316949.01636,457.71382,1.69068
1.0,0.05,0.45,2031.0,443.01698,39806253.80441,2049.0,483.01073,38909561.63365,38832841.58993,485.6514,2.03153,36643798.35232,457.05025,1.68231
1.0,0.75,0.4,2031.0,443.01819,42411017.24618,2050.0,483.01335,47358463.06608,47640842.64794,484.42719,2.0169,71230336.61509,450.2938,1.59654
1.0,0.55,0.2,2031.0,443.01759,42191728.63542,2050.0,483.01708,46799024.00823,46884386.74107,483.46931,2.00542,68294399.46768,438.24625,1.4404
1.0,0.35,0.35,2031.0,443.01698,39806253.80441,2049.0,483.01073,38909561.63365,38832841.58993,485.65141,2.03153,36643798.35232,457.05035,1.68231
1.0,0.85,0.95,2031.0,443.01759,41414705.28389,2049.0,483.00993,44094249.4326,44422207.14646,485.99382,2.03561,59487985.87575,466.36019,1.79855
1.0,0.35,0.8,2031.0,443.01698,39806253.80441,2049.0,483.01073,38909561.63365,38832841.58993,485.65141,2.03153,36643798.35232,457.05035,1.68231
1.0,0.4,0.3,2031.0,443.01697,40302389.93185,2049.0,483.01212,40524984.36229,40548313.73846,485.29136,2.02723,42009541.25656,450.21094,1.59549
1.0,0.8,0.6,2031.0,443.01648,41787706.90242,2049.0,483.01284,45410618.20045,45719340.52128,485.11602,2.02513,66171081.89828,457.34219,1.68603
1.0,0.75,0.3,2031.0,443.01667,42606457.42915,2050.0,483.01388,47981375.4923,48286179.18591,484.43008,2.01693,74844294.17881,451.93036,1.61748
1.0,0.55,0.5,2031.0,443.01788,40873603.29307,2049.0,483.0127,42341483.15067,42446119.75792,484.72155,2.02042,48935703.05505,443.94461,1.5148
1.0,0.15,0.9,2031.0,443.01698,39806253.80441,2049.0,483.01073,38909561.63365,38832841.58993,485.6514,2.03153,36643798.35232,457.05025,1.68231
1.0,0.2,0.75,2031.0,443.01698,39806253.80441,2049.0,483.01073,38909561.63365,38832841.58993,485.6514,2.03153,36643798.35232,457.05025,1.68231
1.0,0.8,0.1,2031.0,443.01408,43371709.06649,2047.0,482.99967,49592474.67591,51292071.67431,490.76501,2.09227,88877388.27844,527.63171,2.51107
1.0,0.5,0.65,2031.0,443.01771,40024983.01421,2049.0,483.01113,39600177.33317,39571321.44245,485.34497,2.02787,39418475.33632,454.23238,1.64668
1.0,0.4,0.4,2031.0,443.017,39806253.80441,2049.0,483.01094,38909561.63365,38832841.58993,485.65165,2.03153,36643798.35232,457.0534,1.68235
1.0,0.05,0.05,2031.0,443.01405,40835494.16315,2048.0,483.00289,42181658.39962,42495656.04117,488.6669,2.06742,49981655.25077,455.77808,1.66685
1.0,0.2,1.0,2031.0,443.01698,39806253.80441,2049.0,483.01073,38909561.63365,38832841.58993,485.6514,2.03153,36643798.35232,457.05025,1.68231
1.0,0.8,0.05,2031.0,443.01485,43461723.6501,2047.0,482.99904,49825014.20327,51601123.0324,490.97915,2.0948,90473373.57676,544.41521,2.69186
1.0,0.5,0.8,2031.0,443.01519,39976429.38818,2049.0,483.01112,39432195.32577,39394540.15287,485.41003,2.02865,38323166.28226,455.14078,1.65818
1.0,0.95,0.35,2031.0,443.01558,42866445.57205,2048.0,483.00912,48456254.85624,49236390.72237,486.68266,2.04382,78806217.30145,477.34825,1.93292
1.0,0.25,0.95,2031.0,443.01698,39806253.80441,2049.0,483.01073,38909561.63365,38832841.58993,485.6514,2.03153,36643798.35232,457.05025,1.68231
1.0,0.35,0.45,2031.0,443.01698,39806253.80441,2049.0,483.01073,38909561.63365,38832841.58993,485.65141,2.03153,36643798.35232,457.05035,1.68231
1.0,0.2,0.05,2031.0,443.01574,41677616.39073,2047.0,483.00227,44809331.81575,45558576.08457,489.16363,2.07331,64216250.8501,470.86537,1.85477
1.0,0.5,0.15,2031.0,443.01698,42065002.23371,2050.0,483.01506,46598937.48289,46743291.00041,483.78807,2.00924,68446851.74233,438.93267,1.44946
1.0,0.05,0.75,2031.0,443.01698,39806253.80441,2049.0,483.01073,38909561.63365,38832841.58993,485.6514,2.03153,36643798.35232,457.05025,1.68231
1.0,0.2,0.7,2031.0,443.01698,39806253.80441,2049.0,483.01073,38909561.63365,38832841.58993,485.6514,2.03153,36643798.35232,457.05025,1.68231
1.0,0.8,0.75,2031.0,443.01683,41479057.43787,2049.0,483.01187,44451952.15431,44751039.65761,485.46251,2.02927,61017613.57327,460.37114,1.72406
1.0,0.95,0.8,2031.0,443.0163,41898078.68392,2048.0,483.00737,45614077.13852,46155516.73548,486.71385,2.0442,66968923.72427,477.96521,1.94022
1.0,0.95,0.45,2031.0,443.01714,42769158.58402,2049.0,483.00808,48142962.31845,48866230.05371,486.50482,2.04171,76310843.89344,472.00624,1.86793
1.0,0.5,0.55,2031.0,443.0154,40028521.29203,2049.0,483.01053,39633414.77403,39605835.41616,485.34216,2.02784,40200212.8022,453.88107,1.64223
1.0,0.2,0.45,2031.0,443.01698,39806253.80441,2049.0,483.01073,38909561.63365,38832841.58993,485.6514,2.03153,36643798.35232,457.05025,1.68231
1.0,0.15,0.95,2031.0,443.01698,39806253.80441,2049.0,483.01073,38909561.63365,38832841.58993,485.6514,2.03153,36643798.35232,457.05025,1.68231
1.0,0.25,1.0,2031.0,443.01698,39806253.80441,2049.0,483.01073,38909561.63365,38832841.58993,485.6514,2.03153,36643798.35232,457.05025,1.68231
1.0,0.35,0.05,2031.0,443.01561,42456089.33676,2047.0,483.00118,47195882.17119,48323884.1719,489.45799,2.0768,76997475.81364,492.71764,2.11607
1.0,0.95,0.05,2031.0,443.01579,43469184.98982,2047.0,482.9987,49800254.50494,51657673.0675,491.44444,2.10029,90824756.51261,551.6337,2.76801
1.0,0.85,0.7,2031.0,443.01758,41744163.74438,2049.0,483.0099,45232973.39883,45649995.19672,485.78899,2.03317,65238827.83869,464.04371,1.76986
1.0,0.8,0.35,2031.0,443.0178,42585585.53082,2050.0,483.01407,47909781.90996,48245857.54719,484.58592,2.01879,74932217.67738,455.12682,1.65807
1.0,0.7,0.7,2031.0,443.01652,41181577.32683,2049.0,483.01104,43346729.20967,43552542.44393,485.30059,2.02734,55784254.0962,454.98451,1.65631
1.0,0.05,0.35,2031.0,443.01698,39806253.80441,2049.0,483.01073,38909561.63365,38832841.58993,485.6514,2.03153,36643798.35232,457.05025,1.68231
1.0,0.9,0.85,2031.0,443.0171,41594492.38793,2049.0,483.00874,44714152.57129,45181929.13294,486.27145,2.03893,64353298.54029,468.64772,1.82678
1.0,0.15,0.8,2031.0,443.01698,39806253.80441,2049.0,483.01073,38909561.63365,38832841.58993,485.6514,2.03153,36643798.35232,457.05025,1.68231
1.0,0.4,0.5,2031.0,443.017,39806253.80441,2049.0,483.01094,38909561.63365,38832841.58993,485.65165,2.03153,36643798.35232,457.0534,1.68235
1.0,0.45,0.45,2031.0,443.01648,39986169.81784,2049.0,483.01158,39498787.1774,39464840.03771,485.36483,2.02811,38849193.63792,454.17297,1.64593
1.0,0.75,0.2,2031.0,443.01465,42992457.68428,2048.0,483.00308,48655265.08704,49809043.17508,488.37936,2.06401,80272143.86482,461.53849,1.73908
1.0,0.55,0.4,2031.0,443.01668,41180184.02066,2050.0,483.01438,43472148.00412,43612572.89245,484.44132,2.01707,54944214.43655,441.45729,1.48255
1.0,0.7,0.65,2031.0,443.01574,41443445.50963,2049.0,483.0136,44147051.53411,44359658.8126,484.86641,2.02215,58633863.17971,452.53252,1.62515
1.0,0.8,0.7,2031.0,443.01621,41666635.90099,2049.0,483.01109,44875575.26407,45170044.32463,485.28,2.02709,62267720.62988,459.45573,1.71258
1.0,0.35,0.9,2031.0,443.01698,39806253.80441,2049.0,483.01073,38909561.63365,38832841.58993,485.65141,2.03153,36643798.35232,457.05035,1.68231
1.0,0.4,0.2,2031.0,443.01738,41139319.09247,2050.0,483.01475,43422392.03068,43542372.57577,484.24392,2.01471,54043273.90777,440.44011,1.46922
1.0,0.75,0.5,2031.0,443.01636,41941859.47177,2049.0,483.01258,45859139.20077,46130401.32354,484.71737,2.02037,66994400.86519,453.73001,1.64033
1.0,0.55,0.3,2031.0,443.01743,41567546.41542,2050.0,483.01436,44741128.45723,44878019.9361,484.04414,2.01231,61162359.55354,441.11572,1.47805
1.0,0.75,0.75,2031.0,443.01576,41373713.45373,2049.0,483.01062,44064471.89159,44318139.36154,485.35968,2.02805,58981859.2727,458.14575,1.69616
1.0,0.5,0.9,2031.0,443.01693,39877528.8071,2049.0,483.01049,39100357.42163,39035851.99927,485.57611,2.03063,37179517.54558,456.80963,1.67927
1.0,1.0,0.3,2031.0,443.01388,42939461.38422,2047.0,483.00058,48345103.90082,49808349.41401,490.64874,2.09089,81572043.66419,499.86029,2.19902
1.0,0.6,0.95,2031.0,443.01627,40113598.23279,2049.0,483.01141,39993671.57737,40002217.65819,485.47586,2.02944,41412670.91367,455.76804,1.66612
1.0,0.25,0.6,2031.0,443.01698,39806253.80441,2049.0,483.01073,38909561.63365,38832841.58993,485.6514,2.03153,36643798.35232,457.05025,1.68231
1.0,0.1,0.85,2031.0,443.01698,39806253.80441,2049.0,483.01073,38909561.63365,38832841.58993,485.6514,2.03153,36643798.35232,457.05025,1.68231
1.0,0.65,0.95,2031.0,443.01753,40469007.14488,2049.0,483.01128,40964015.15819,41012994.50041,485.40592,2.0286,44027157.16396,455.94245,1.66832
1.0,0.1,0.2,2031.0,443.01698,39806253.80441,2049.0,483.01073,38909561.63365,38832841.58993,485.6514,2.03153,36643798.35232,457.05025,1.68231
1.0,0.7,0.25,2031.0,443.01588,42632134.4031,2050.0,483.01488,48031534.14729,48286726.11045,484.19191,2.01408,74491591.88587,448.91305,1.57892
1.0,1.0,0.4,2031.0,443.01582,42805295.38484,2048.0,483.00766,48216321.2381,49053891.81355,487.11023,2.04892,78100060.09564,484.88086,2.02319
1.0,0.05,0.7,2031.0,443.01698,39806253.80441,2049.0,483.01073,38909561.63365,38832841.58993,485.6514,2.03153,36643798.35232,457.05025,1.68231
1.0,0.45,0.05,2031.0,443.01606,43200511.67119,2047.0,483.00151,49206936.59539,50618037.32837,489.50866,2.0774,85307830.0998,506.496,2.27506
1.0,0.25,0.1,2031.0,443.01641,40634466.62396,2049.0,483.01119,41656528.81992,41760654.53103,485.09949,2.02494,48232613.52957,449.57788,1.58745
1.0,0.1,0.5,2031.0,443.01698,39806253.80441,2049.0,483.01073,38909561.63365,38832841.58993,485.6514,2.03153,36643798.35232,457.05025,1.68231
1.0,0.75,0.35,2031.0,443.0162,42512661.70747,2050.0,483.01494,47687546.06088,47975953.15996,484.39719,2.01654,73006561.33912,450.73344,1.60219
1.0,0.45,0.1,2031.0,443.01491,42139249.26365,2048.0,483.00686,46438512.37064,47156482.02931,487.34387,2.0517,71147292.82697,453.5504,1.63873
1.0,0.6,1.0,2031.0,443.01627,40113598.23279,2049.0,483.01046,39893010.5961,39897392.1298,485.47756,2.02946,41118537.94274,456.17971,1.67132
1.0,0.65,0.7,2031.0,443.01547,40919077.87233,2049.0,483.01176,42513241.48368,42662925.96662,485.27996,2.02709,51208780.73002,451.53776,1.61252
1.0,0.7,0.85,2031.0,443.01519,40864293.63355,2049.0,483.0106,42296214.81964,42461552.71476,485.74925,2.0327,50880748.92648,457.9691,1.69397
1.0,0.45,0.6,2031.0,443.01731,39806253.80441,2049.0,483.01027,38909658.80352,38832841.58993,485.6548,2.03157,36643798.35232,457.09348,1.68285
1.0,0.65,0.35,2031.0,443.01748,41985605.22465,2050.0,483.01574,46060754.41465,46227387.23121,484.00103,2.0118,67277117.97671,444.1834,1.51788
1.0,0.1,0.8,2031.0,443.01698,39806253.80441,2049.0,483.01073,38909561.63365,38832841.58993,485.6514,2.03153,36643798.35232,457.05025,1.68231
1.0,0.1,0.25,2031.0,443.01698,39806253.80441,2049.0,483.01073,38909561.63365,38832841.58993,485.6514,2.03153,36643798.35232,457.05025,1.68231
1.0,0.6,0.35,2031.0,443.01768,41670072.85291,2050.0,483.01513,45102591.25846,45249560.23809,484.02768,2.01211,62868458.41159,442.90612,1.50133
1.0,1.0,0.9,2031.0,443.01732,41864956.16138,2048.0,483.00787,45353717.9279,45924731.81723,487.21328,2.05014,66511351.49266,484.68263,2.02072
1.0,0.75,0.95,2031.0,443.01579,41070943.27506,2049.0,483.00979,42950615.82558,43161237.6175,485.80628,2.03338,53412605.80413,460.89456,1.73064
1.0,0.55,0.05,2031.0,443.01427,43355004.57205,2047.0,483.002,49620714.95149,51150506.5502,489.85171,2.08146,88239040.51377,524.37623,2.47522
1.0,0.6,0.75,2031.0,443.01544,40406277.29138,2049.0,483.0122,40715172.43089,40740899.67478,485.01801,2.02397,43196854.28045,453.09514,1.63221
1.0,0.55,0.9,2031.0,443.01685,40028545.61915,2049.0,483.01126,39635083.36831,39609782.72844,485.38272,2.02832,39902954.07358,454.59583,1.65129
1.0,0.1,0.65,2031.0,443.01698,39806253.80441,2049.0,483.01073,38909561.63365,38832841.58993,485.6514,2.03153,36643798.35232,457.05025,1.68231
1.0,0.65,0.75,2031.0,443.01693,40863622.96737,2049.0,483.01095,42322662.17956,42468692.58084,485.36332,2.02809,49959807.98958,451.45559,1.61145
1.0,0.35,0.3,2031.0,443.01698,39806253.80441,2049.0,483.01073,38909561.63365,38832841.58993,485.65141,2.03153,36643798.35232,457.05035,1.68231
1.0,0.4,0.8,2031.0,443.017,39806253.80441,2049.0,483.01094,38909561.63365,38832841.58993,485.65165,2.03153,36643798.35232,457.0534,1.68235
1.0,0.15,0.5,2031.0,443.01698,39806253.80441,2049.0,483.01073,38909561.63365,38832841.58993,485.6514,2.03153,36643798.35232,457.05025,1.68231
1.0,0.75,0.8,2031.0,443.01621,41260055.16744,2049.0,483.01152,43621595.31614,43860942.42906,485.48652,2.02956,56675811.20414,459.67302,1.71533
1.0,0.35,0.4,2031.0,443.01698,39806253.80441,2049.0,483.01073,38909561.63365,38832841.58993,485.65141,2.03153,36643798.35232,457.05035,1.68231
1.0,0.3,1.0,2031.0,443.01698,39806253.80441,2049.0,483.01073,38909561.63365,38832841.58993,485.6514,2.03153,36643798.35232,457.05025,1.68231
1.0,0.15,0.2,2031.0,443.01698,39806253.80441,2049.0,483.01073,38909561.63365,38832841.58993,485.6514,2.03153,36643798.35232,457.05025,1.68231
1.0,0.55,0.45,2031.0,443.01707,41175777.38328,2050.0,483.01377,43248066.69063,43363040.04981,484.37184,2.01624,52718439.1338,440.96507,1.47608
1.0,0.5,0.4,2031.0,443.01543,40679043.07359,2049.0,483.01203,41987126.28024,42083478.20059,484.79865,2.02134,48053313.48516,444.82806,1.52626
1.0,0.9,0.1,2031.0,443.01401,43388255.68446,2047.0,482.99943,49594425.5976,51362451.72763,491.16373,2.09698,89390307.87306,540.54829,2.65075
1.0,0.9,0.6,2031.0,443.01734,42213915.74186,2049.0,483.01088,46671246.52772,47134282.04838,485.65085,2.03152,70323883.91436,465.89681,1.79282
1.0,0.5,0.3,2031.0,443.01805,41375721.63058,2050.0,483.01537,43992045.58019,44112429.73483,484.11313,2.01314,56466711.05962,439.54468,1.45753
1.0,0.45,1.0,2031.0,443.01731,39806253.80441,2049.0,483.01027,38909658.80352,38832841.58993,485.6548,2.03157,36643798.35232,457.09348,1.68285
1.0,0.6,0.1,2031.0,443.01634,43286926.05755,2047.0,483.00266,49461162.73144,50873592.54183,489.2756,2.07464,84952978.89555,481.06346,1.97822
1.0,0.85,0.05,2031.0,443.01525,43468871.56684,2047.0,482.99878,49827088.03437,51637755.50454,491.16002,2.09693,90651827.98089,547.57388,2.7253
1.0,1.0,0.55,2031.0,443.01707,42561808.75501,2048.0,483.00706,47458418.23131,48235677.77151,487.18278,2.04978,74202834.13855,479.98526,1.96459
1.0,0.4,0.45,2031.0,443.017,39806253.80441,2049.0,483.01094,38909561.63365,38832841.58993,485.65165,2.03153,36643798.35232,457.0534,1.68235
1.0,0.15,0.35,2031.0,443.01698,39806253.80441,2049.0,483.01073,38909561.63365,38832841.58993,485.6514,2.03153,36643798.35232,457.05025,1.68231
1.0,0.3,0.55,2031.0,443.01698,39806253.80441,2049.0,483.01073,38909561.63365,38832841.58993,485.6514,2.03153,36643798.35232,457.05025,1.68231
1.0,0.6,0.6,2031.0,443.01567,40898076.832,2049.0,483.01249,42447151.91777,42577360.84109,485.02789,2.02408,50448242.20806,446.72793,1.55084
1.0,0.9,0.25,2031.0,443.01569,42991045.21991,2047.0,483.00098,48527675.21813,49871781.74759,489.76677,2.08046,81653723.06965,484.23019,2.01586
1.0,0.05,0.95,2031.0,443.01698,39806253.80441,2049.0,483.01073,38909561.63365,38832841.58993,485.6514,2.03153,36643798.35232,457.05025,1.68231
1.0,0.8,0.95,2031.0,443.01633,41284157.05351,2049.0,483.01006,43576107.02179,43820767.32981,485.64688,2.03148,56984172.97565,461.56288,1.73898
1.0,0.25,0.05,2031.0,443.01593,41998972.84758,2048.0,483.0033,45778991.71808,46639578.72232,488.96909,2.071,69121354.1268,478.02192,1.94164
1.0,0.15,0.75,2031.0,443.01698,39806253.80441,2049.0,483.01073,38909561.63365,38832841.58993,485.6514,2.03153,36643798.35232,457.05025,1.68231
1.0,0.3,0.15,2031.0,443.0167,40417988.95298,2049.0,483.01111,40937695.00954,40999508.20251,485.30685,2.02742,44522531.22698,450.55034,1.5999
1.0,0.3,0.6,2031.0,443.01698,39806253.80441,2049.0,483.01073,38909561.63365,38832841.58993,485.6514,2.03153,36643798.35232,457.05025,1.68231
1.0,0.4,0.05,2031.0,443.01594,42821576.0827,2047.0,483.00178,48208166.9142,49470755.11989,489.29144,2.07483,81195872.2767,499.03738,2.1895
1.0,1.0,0.15,2031.0,443.01405,43302647.23792,2047.0,482.99661,49318960.88929,51122876.48343,491.59948,2.10212,88010886.22959,537.70743,2.62033
1.0,0.85,0.45,2031.0,443.01785,42520703.35182,2049.0,483.01234,47595467.40075,47985534.71056,484.96055,2.02327,73682961.29156,460.20158,1.72194
1.0,0.3,0.1,2031.0,443.01798,41084406.09374,2050.0,483.01399,43294156.31394,43446298.14323,484.47893,2.01752,56946601.20185,443.1812,1.50495
1.0,0.9,1.0,2031.0,443.01639,41559630.55028,2049.0,483.00896,44525245.60584,44907513.9346,486.19433,2.03801,61324738.50342,469.02769,1.83142
1.0,0.25,0.45,2031.0,443.01698,39806253.80441,2049.0,483.01073,38909561.63365,38832841.58993,485.6514,2.03153,36643798.35232,457.05025,1.68231
1.0,0.95,0.2,2031.0,443.01409,43038451.06812,2047.0,483.00085,48631158.93373,50083694.57698,490.3126,2.08692,83752815.16904,518.40659,2.40931
1.0,0.95,0.5,2031.0,443.01676,42599640.53918,2049.0,483.01112,47731444.86403,48245213.1118,485.59678,2.03087,74087511.54575,472.10452,1.86903
1.0,0.9,0.65,2031.0,443.01711,42173511.25116,2049.0,483.01093,46445724.90882,46915820.41468,485.7639,2.03287,69238381.06706,465.78564,1.79145
1.0,0.35,0.5,2031.0,443.01698,39806253.80441,2049.0,483.01073,38909561.63365,38832841.58993,485.65141,2.03153,36643798.35232,457.05035,1.68231
1.0,0.15,0.3,2031.0,443.01698,39806253.80441,2049.0,483.01073,38909561.63365,38832841.58993,485.6514,2.03153,36643798.35232,457.05025,1.68231
1.0,0.3,0.65,2031.0,443.01698,39806253.80441,2049.0,483.01073,38909561.63365,38832841.58993,485.6514,2.03153,36643798.35232,457.05025,1.68231
1.0,0.15,0.05,2031.0,443.01495,40946080.32883,2047.0,482.99983,42808411.71641,43333921.36944,489.84788,2.08142,55835577.95099,471.26624,1.85965
1.0,0.4,0.75,2031.0,443.017,39806253.80441,2049.0,483.01094,38909561.63365,38832841.58993,485.65165,2.03153,36643798.35232,457.0534,1.68235
1.0,0.75,0.9,2031.0,443.01538,41105292.20892,2049.0,483.01017,43086899.9782,43312570.04795,485.78215,2.03309,54240945.75476,460.84604,1.73004
1.0,1.0,0.65,2031.0,443.01559,42237549.49175,2049.0,483.00776,46640212.41977,47253841.89994,486.59608,2.04279,71245681.5296,481.21081,1.97923
1.0,0.35,0.2,2031.0,443.01555,40543134.39581,2049.0,483.01182,41228240.62088,41288660.00771,485.04176,2.02425,45387176.705,448.29022,1.57092
1.0,0.4,0.9,2031.0,443.017,39806253.80441,2049.0,483.01094,38909561.63365,38832841.58993,485.65165,2.03153,36643798.35232,457.0534,1.68235
1.0,0.85,0.35,2031.0,443.01687,42647133.84886,2049.0,483.01324,48128146.90641,48535017.75571,484.86696,2.02215,76282871.58834,460.79211,1.72929
1.0,0.15,0.4,2031.0,443.01698,39806253.80441,2049.0,483.01073,38909561.63365,38832841.58993,485.6514,2.03153,36643798.35232,457.05025,1.68231
1.0,0.35,0.95,2031.0,443.01698,39806253.80441,2049.0,483.01073,38909561.63365,38832841.58993,485.65141,2.03153,36643798.35232,457.05035,1.68231
1.0,0.55,0.8,2031.0,443.01685,40028545.61915,2049.0,483.01154,39633771.48507,39605835.41616,485.38358,2.02833,40181285.04332,454.4644,1.64963
1.0,0.25,0.35,2031.0,443.01698,39806253.80441,2049.0,483.01073,38909561.63365,38832841.58993,485.6514,2.03153,36643798.35232,457.05025,1.68231
1.0,0.95,0.95,2031.0,443.01726,41612496.1732,2048.0,483.00881,44793157.14819,45273723.03256,486.82489,2.04552,63869216.36499,480.16088,1.96665
1.0,0.5,0.2,2031.0,443.01685,41676544.88755,2050.0,483.01521,45114065.64429,45240938.70625,483.90224,2.01061,64118617.93029,440.55613,1.47072
1.0,0.9,0.7,2031.0,443.01734,42064232.82979,2049.0,483.01037,46087351.68897,46544275.71353,485.86209,2.03404,67788175.5088,466.41891,1.79928
1.0,0.5,0.5,2031.0,443.0171,40112379.5791,2049.0,483.01141,39894716.56127,39881628.44381,485.18587,2.02597,41107146.48776,452.51325,1.62484
1.0,0.9,0.15,2031.0,443.01507,43287078.11104,2047.0,482.99893,49359162.1102,51066685.61082,490.91736,2.09407,87105863.4663,521.32319,2.44163
1.0,1.0,0.8,2031.0,443.01633,41937926.50865,2048.0,483.00834,45681613.25257,46269617.14432,487.05186,2.04822,68153418.54959,483.76068,2.00974
1.0,0.85,0.75,2031.0,443.0171,41644687.4846,2049.0,483.01059,44949968.43482,45323717.0,485.8282,2.03364,64783293.29153,464.33416,1.77347
1.0,0.45,0.7,2031.0,443.01731,39806253.80441,2049.0,483.01027,38909658.80352,38832841.58993,485.6548,2.03157,36643798.35232,457.09348,1.68285
1.0,1.0,0.25,2031.0,443.0162,43001319.41446,2047.0,482.99876,48488155.72505,49954972.41075,490.54908,2.08971,82907597.60549,512.08589,2.33854
1.0,0.65,0.1,2031.0,443.01559,43301941.82815,2047.0,483.00001,49459600.29082,50995528.41366,490.00866,2.08332,86514738.05749,497.30724,2.16968
1.0,0.1,0.9,2031.0,443.01698,39806253.80441,2049.0,483.01073,38909561.63365,38832841.58993,485.6514,2.03153,36643798.35232,457.05025,1.68231
1.0,0.4,0.35,2031.0,443.01639,39925389.94861,2049.0,483.01152,39261700.27631,39209844.61321,485.44381,2.02905,37685721.32166,455.40266,1.6615
1.0,0.3,0.25,2031.0,443.01698,39806253.80441,2049.0,483.01073,38909561.63365,38832841.58993,485.6514,2.03153,36643798.35232,457.05025,1.68231
1.0,0.15,0.45,2031.0,443.01698,39806253.80441,2049.0,483.01073,38909561.63365,38832841.58993,485.6514,2.03153,36643798.35232,457.05025,1.68231
1.0,0.2,0.95,2031.0,443.01698,39806253.80441,2049.0,483.01073,38909561.63365,38832841.58993,485.6514,2.03153,36643798.35232,457.05025,1.68231
1.0,0.5,0.85,2031.0,443.01619,39926254.66521,2049.0,483.01035,39286814.8481,39237685.92708,485.48635,2.02956,37832161.22036,455.85623,1.66723
1.0,0.65,0.6,2031.0,443.01698,41233219.37432,2049.0,483.01358,43568843.37919,43746353.02756,484.86211,2.0221,55885863.17621,448.62786,1.57529
1.0,0.9,0.55,2031.0,443.0169,42292457.27317,2049.0,483.0104,46917569.85719,47380932.65476,485.55872,2.03042,71854980.17488,465.69478,1.79032
1.0,0.25,0.75,2031.0,443.01698,39806253.80441,2049.0,483.01073,38909561.63365,38832841.58993,485.6514,2.03153,36643798.35232,457.05025,1.68231
1.0,0.6,0.05,2031.0,443.01513,43392648.80493,2047.0,482.9999,49701998.45823,51303061.69388,490.14961,2.08499,88951229.21776,529.96865,2.53645
1.0,0.1,0.15,2031.0,443.01698,39806253.80441,2049.0,483.01073,38909561.63365,38832841.58993,485.6514,2.03153,36643798.35232,457.05025,1.68231
1.0,0.65,0.05,2031.0,443.01405,43426796.60126,2047.0,483.00045,49785265.56945,51447356.56197,490.4039,2.088,89642236.59443,534.13331,2.58167
1.0,0.3,0.7,2031.0,443.01698,39806253.80441,2049.0,483.01073,38909561.63365,38832841.58993,485.6514,2.03153,36643798.35232,457.05025,1.68231
1.0,0.45,0.95,2031.0,443.01731,39806253.80441,2049.0,483.01027,38909658.80352,38832841.58993,485.6548,2.03157,36643798.35232,457.09348,1.68285
1.0,0.55,0.35,2031.0,443.01721,41502280.25938,2050.0,483.0148,44494769.27306,44615905.30363,484.00074,2.01179,58796395.2844,439.6477,1.45888
1.0,0.95,0.4,2031.0,443.01593,42794517.76779,2048.0,483.00829,48234605.63322,49009784.35434,486.74908,2.04462,77553689.7836,474.46154,1.89792
1.0,0.95,0.3,2031.0,443.01534,42938395.60506,2047.0,483.00006,48414270.54053,49731636.7816,489.44923,2.0767,80631310.44867,485.50453,2.03083
1.0,0.65,1.0,2031.0,443.01734,40420857.78781,2049.0,483.01168,40768451.64077,40803178.64056,485.42025,2.02877,43166509.20285,456.80945,1.67926
1.0,0.6,0.7,2031.0,443.01757,40845084.47423,2049.0,483.01279,42085812.98973,42160665.81983,484.64461,2.0195,47312559.82161,447.48835,1.56051
1.0,0.65,0.45,2031.0,443.01769,41681814.95265,2050.0,483.015,45150189.52073,45328970.14813,484.24465,2.01471,62616964.40163,445.83237,1.53923
1.0,0.1,0.55,2031.0,443.01698,39806253.80441,2049.0,483.01073,38909561.63365,38832841.58993,485.6514,2.03153,36643798.35232,457.05025,1.68231
1.0,0.6,0.45,2031.0,443.01678,41445261.31599,2050.0,483.01454,44218523.43217,44357777.63178,484.23966,2.01465,57970000.53753,443.35465,1.5072
1.0,0.55,0.75,2031.0,443.01689,40063631.50479,2049.0,483.01093,39800298.18138,39784564.36157,485.29652,2.02729,40923584.9744,453.55663,1.63811
1.0,0.95,1.0,2031.0,443.01612,41557153.76032,2048.0,483.00774,44615484.98159,45118280.42268,486.94947,2.047,63327911.70512,480.49206,1.97064
1.0,0.5,0.7,2031.0,443.01598,39986227.14901,2049.0,483.01092,39499289.86511,39464500.60471,485.41172,2.02867,38777301.27114,454.7857,1.65369
1.0,0.9,0.2,2031.0,443.01661,43042107.74161,2047.0,483.00085,48677536.64928,50081985.64241,489.9774,2.08295,83414559.31571,503.14876,2.237
1.0,0.25,0.65,2031.0,443.01698,39806253.80441,2049.0,483.01073,38909561.63365,38832841.58993,485.6514,2.03153,36643798.35232,457.05025,1.68231
1.0,0.9,0.5,2031.0,443.01547,42447127.35312,2049.0,483.01221,47350850.50444,47794850.5223,485.3185,2.02755,73032939.34444,465.3152,1.7856
1.0,0.9,0.45,2031.0,443.01671,42559766.44952,2049.0,483.01302,47753940.60061,48199893.91433,485.18826,2.026,74732730.3581,464.66341,1.7775
1.0,0.3,0.35,2031.0,443.01698,39806253.80441,2049.0,483.01073,38909561.63365,38832841.58993,485.6514,2.03153,36643798.35232,457.05025,1.68231
1.0,0.15,0.55,2031.0,443.01698,39806253.80441,2049.0,483.01073,38909561.63365,38832841.58993,485.6514,2.03153,36643798.35232,457.05025,1.68231
1.0,0.4,0.25,2031.0,443.01735,40587004.404,2049.0,483.01251,41377261.92496,41443574.47656,484.94224,2.02306,46167788.45377,447.02228,1.55462
1.0,0.5,0.95,2031.0,443.01679,39806353.23202,2049.0,483.01029,38910824.84187,38832841.58993,485.70209,2.03214,36643798.35232,457.69376,1.69041
1.0,0.2,0.85,2031.0,443.01698,39806253.80441,2049.0,483.01073,38909561.63365,38832841.58993,485.6514,2.03153,36643798.35232,457.05025,1.68231
1.0,0.15,0.6,2031.0,443.01698,39806253.80441,2049.0,483.01073,38909561.63365,38832841.58993,485.6514,2.03153,36643798.35232,457.05025,1.68231
1.0,1.0,0.35,2031.0,443.01544,42890439.88173,2048.0,483.00498,48398798.85371,49436365.51675,488.00489,2.05956,79543774.11047,488.63857,2.06775
1.0,0.8,0.9,2031.0,443.01693,41432044.98167,2049.0,483.01184,44090903.12279,44352502.28894,485.48167,2.0295,58241895.21726,460.28987,1.72305
1.0,0.35,0.7,2031.0,443.01698,39806253.80441,2049.0,483.01073,38909561.63365,38832841.58993,485.65141,2.03153,36643798.35232,457.05035,1.68231
1.0,0.85,0.65,2031.0,443.01648,41938620.87783,2049.0,483.01231,45910638.35975,46302921.17586,485.42436,2.02882,67194989.97114,462.05875,1.74514
1.0,0.15,0.1,2031.0,443.01523,40122027.7695,2049.0,483.01001,39963646.71904,39967409.23492,485.7203,2.03235,40578481.29653,453.40202,1.63622
1.0,0.9,0.05,2031.0,443.01608,43470491.09643,2047.0,482.99767,49816570.16268,51657673.0675,491.3351,2.099,90784996.03567,548.78019,2.73803
1.0,0.25,0.25,2031.0,443.01698,39806253.80441,2049.0,483.01073,38909561.63365,38832841.58993,485.6514,2.03153,36643798.35232,457.05025,1.68231
1.0,0.95,0.85,2031.0,443.01704,41881561.47016,2048.0,483.00735,45487712.17343,46012714.88595,486.66685,2.04364,66127637.12274,478.15802,1.94254
1.0,0.45,0.2,2031.0,443.01635,41381473.20758,2050.0,483.01435,44142466.08981,44281295.17883,484.19196,2.01408,58581625.85003,441.10175,1.47788
1.0,0.85,0.25,2031.0,443.01601,42955355.44342,2048.0,483.00368,48542330.25408,49697288.20524,488.42127,2.06451,80364251.19276,470.43291,1.84903
1.0,0.35,0.85,2031.0,443.01698,39806253.80441,2049.0,483.01073,38909561.63365,38832841.58993,485.65141,2.03153,36643798.35232,457.05035,1.68231
1.0,1.0,0.75,2031.0,443.01639,41989046.91707,2048.0,483.00688,45872857.11801,46474145.15678,487.00078,2.04761,69059600.65182,483.11181,2.002
1.0,0.65,0.4,2031.0,443.01703,41770088.93476,2050.0,483.01507,45483637.91315,45662140.66842,484.1785,2.01392,64072270.82702,445.8587,1.53956
1.0,0.25,0.8,2031.0,443.01698,39806253.80441,2049.0,483.01073,38909561.63365,38832841.58993,485.6514,2.03153,36643798.35232,457.05025,1.68231
1.0,0.45,0.5,2031.0,443.01643,39986092.65656,2049.0,483.01057,39471363.79572,39433236.75923,485.35209,2.02796,38525062.3732,454.30595,1.64761
1.0,0.65,0.3,2031.0,443.01752,42313465.0216,2050.0,483.01578,47079803.11401,47193183.59364,483.6026,2.00702,69280925.94628,442.82037,1.50015
1.0,0.4,0.65,2031.0,443.017,39806253.80441,2049.0,483.01094,38909561.63365,38832841.58993,485.65165,2.03153,36643798.35232,457.0534,1.68235
1.0,0.3,0.75,2031.0,443.01698,39806253.80441,2049.0,483.01073,38909561.63365,38832841.58993,485.6514,2.03153,36643798.35232,457.05025,1.68231
1.0,0.15,0.15,2031.0,443.01698,39806253.80441,2049.0,483.01073,38909561.63365,38832841.58993,485.6514,2.03153,36643798.35232,457.05025,1.68231
1.0,0.05,0.9,2031.0,443.01698,39806253.80441,2049.0,483.01073,38909561.63365,38832841.58993,485.6514,2.03153,36643798.35232,457.05025,1.68231
1.0,0.95,0.1,2031.0,443.01513,43400755.7342,2047.0,482.99755,49598032.26683,51419984.80326,491.46191,2.1005,89637548.28226,546.01125,2.70886
1.0,0.2,0.9,2031.0,443.01698,39806253.80441,2049.0,483.01073,38909561.63365,38832841.58993,485.6514,2.03153,36643798.35232,457.05025,1.68231
1.0,0.55,0.65,2031.0,443.01712,40178086.57683,2049.0,483.01134,40192278.39634,40209413.91658,485.12577,2.02525,42011840.71844,451.83787,1.61623
1.0,0.95,0.6,2031.0,443.01729,42268679.87287,2049.0,483.00951,46760443.83794,47295425.79099,486.07784,2.03662,71458391.59682,474.63309,1.89987
1.0,0.65,0.55,2031.0,443.01635,41247046.30615,2049.0,483.01339,43640802.54662,43821497.35692,484.82886,2.0217,57206535.70603,449.36106,1.58469
1.0,0.3,0.5,2031.0,443.01698,39806253.80441,2049.0,483.01073,38909561.63365,38832841.58993,485.6514,2.03153,36643798.35232,457.05025,1.68231
1.0,0.6,0.55,2031.0,443.01792,41148057.75907,2049.0,483.01317,43187333.00328,43319850.99342,484.61213,2.01911,53484003.29188,444.25729,1.51893
1.0,0.1,0.45,2031.0,443.01698,39806253.80441,2049.0,483.01073,38909561.63365,38832841.58993,485.6514,2.03153,36643798.35232,457.05025,1.68231
1.0,0.3,0.2,2031.0,443.01523,40122027.7695,2049.0,483.01127,39922973.18545,39910676.86636,485.56196,2.03047,39754475.95981,453.12085,1.6326
1.0,0.15,1.0,2031.0,443.01698,39806253.80441,2049.0,483.01073,38909561.63365,38832841.58993,485.6514,2.03153,36643798.35232,457.05025,1.68231
1.0,0.85,0.9,2031.0,443.01647,41513639.84185,2049.0,483.00957,44383584.00074,44720322.59514,485.90046,2.0345,60791555.2181,465.65458,1.78982
1.0,0.55,0.25,2031.0,443.01711,41676404.62077,2050.0,483.01516,45147427.89583,45288007.6738,483.94831,2.01116,64476475.5941,441.17842,1.47884
1.0,0.7,0.9,2031.0,443.01529,40864540.78562,2049.0,483.01107,42285067.0013,42449451.50673,485.75399,2.03275,50110801.7498,457.65648,1.69001
1.0,0.45,0.85,2031.0,443.01731,39806253.80441,2049.0,483.01027,38909658.80352,38832841.58993,485.6548,2.03157,36643798.35232,457.09348,1.68285
1.0,0.6,0.2,2031.0,443.0168,42496698.08344,2050.0,483.0157,47698074.86827,47823522.33909,483.61036,2.00711,71923779.9437,440.05241,1.46412
1.0,0.1,0.05,2031.0,443.01526,40846975.76931,2047.0,483.0008,42323936.65171,42740032.70298,489.67111,2.07933,52975677.33331,464.33719,1.77425
1.0,0.6,0.15,2031.0,443.01496,42673203.51367,2048.0,483.00689,47882862.42382,48712874.42247,487.06996,2.04844,76302853.391,449.15469,1.58241
1.0,0.6,0.5,2031.0,443.01769,41269532.56575,2050.0,483.01417,43708281.97387,43854479.06396,484.48946,2.01764,55512272.80105,443.75655,1.51244
1.0,0.65,0.15,2031.0,443.01657,42785917.51563,2048.0,483.00401,48196074.79536,49319221.63478,488.42969,2.0646,79714619.11356,460.73034,1.72921
1.0,0.55,0.55,2031.0,443.01539,40670966.49512,2049.0,483.01363,41744623.87629,41812195.6042,484.69215,2.02007,46283160.81586,446.01675,1.54156
1.0,0.05,0.8,2031.0,443.01698,39806253.80441,2049.0,483.01073,38909561.63365,38832841.58993,485.6514,2.03153,36643798.35232,457.05025,1.68231
1.0,0.45,0.4,2031.0,443.01748,40169843.67168,2049.0,483.01138,40014739.72254,40007491.69435,485.05065,2.02436,41038720.14488,451.55045,1.61257
1.0,0.65,0.2,2031.0,443.01696,42665715.29713,2050.0,483.01649,48181062.50263,48366866.4727,483.85291,2.01002,74532945.76649,445.26912,1.53199
1.0,0.1,0.75,2031.0,443.01698,39806253.80441,2049.0,483.01073,38909561.63365,38832841.58993,485.6514,2.03153,36643798.35232,457.05025,1.68231
1.0,0.25,0.9,2031.0,443.01698,39806253.80441,2049.0,483.01073,38909561.63365,38832841.58993,485.6514,2.03153,36643798.35232,457.05025,1.68231
1.0,0.6,0.65,2031.0,443.01567,40898076.832,2049.0,483.01284,42409233.15793,42524679.42313,484.93776,2.02301,49023617.64443,446.52353,1.54814
1.0,0.45,0.3,2031.0,443.01759,40827575.02344,2049.0,483.01278,42284391.56216,42384448.95609,484.59468,2.0189,49344871.65396,443.49838,1.50905
1.0,0.65,0.5,2031.0,443.01768,41535605.50974,2050.0,483.01448,44597977.7555,44777668.42942,484.44207,2.01708,60173182.2293,446.89793,1.553
1.0,0.65,0.65,2031.0,443.01698,41233219.37432,2049.0,483.01334,43459409.56939,43616670.11144,484.80962,2.02147,54399486.54662,448.34244,1.57162
1.0,0.55,0.15,2031.0,443.01693,42465176.62648,2050.0,483.01436,47564489.03197,47819555.62486,484.2294,2.01454,72129056.88015,440.03313,1.46396
1.0,0.5,0.1,2031.0,443.01517,42494959.04484,2048.0,483.00789,47401208.19446,48195811.61059,487.25151,2.0506,75281784.13151,459.73639,1.71679
1.0,0.9,0.4,2031.0,443.01596,42750976.40877,2049.0,483.01152,48294185.79947,48776526.47345,485.22503,2.02644,76233533.12846,463.88356,1.76782
1.0,0.75,0.85,2031.0,443.01524,41105045.75336,2049.0,483.00956,43139436.29209,43376940.17098,485.77323,2.03298,55059749.72024,461.15011,1.73384
1.0,0.9,0.3,2031.0,443.01603,42919803.79365,2049.0,483.00973,48683975.86275,49371753.29616,486.14016,2.03736,79115076.29106,470.17258,1.8456
1.0,0.5,0.6,2031.0,443.0154,40028521.29203,2049.0,483.01087,39632356.04707,39606460.42457,485.34007,2.02781,39853785.39925,454.02149,1.64401
1.0,0.65,0.25,2031.0,443.01688,42533265.04842,2050.0,483.01567,47738070.58818,47921718.07373,483.89044,2.01047,72345875.58776,442.76379,1.49948
1.0,0.35,0.6,2031.0,443.01698,39806253.80441,2049.0,483.01073,38909561.63365,38832841.58993,485.65141,2.03153,36643798.35232,457.05035,1.68231
1.0,0.8,0.8,2031.0,443.01699,41431966.94809,2049.0,483.01072,44303962.19788,44606397.95165,485.55503,2.03038,60200179.80464,460.30799,1.72328
1.0,0.7,0.95,2031.0,443.01569,40830269.10563,2049.0,483.01081,42190730.37327,42346958.67756,485.78871,2.03317,49208019.52185,457.61538,1.68947
1.0,0.6,0.25,2031.0,443.0183,42239903.09591,2050.0,483.01605,46838768.87857,46930009.19209,483.49669,2.00575,68723949.38748,439.94607,1.46267
1.0,0.1,0.35,2031.0,443.01698,39806253.80441,2049.0,483.01073,38909561.63365,38832841.58993,485.6514,2.03153,36643798.35232,457.05025,1.68231
1.0,0.35,0.1,2031.0,443.01711,41592281.33475,2049.0,483.01096,44839427.36978,45158635.12599,485.37218,2.02821,61622921.10303,442.37623,1.49457
1.0,0.15,0.7,2031.0,443.01698,39806253.80441,2049.0,483.01073,38909561.63365,38832841.58993,485.6514,2.03153,36643798.35232,457.05025,1.68231
1.0,0.7,0.8,2031.0,443.01664,41106224.8474,2049.0,483.01076,43037508.15991,43220477.32838,485.37535,2.02823,53581043.02388,455.21819,1.65926
1.0,0.9,0.75,2031.0,443.01731,41945508.38084,2049.0,483.01044,45776325.21806,46195906.50374,485.77508,2.03301,66956006.23216,466.50323,1.80031
1.0,0.25,0.55,2031.0,443.01698,39806253.80441,2049.0,483.01073,38909561.63365,38832841.58993,485.6514,2.03153,36643798.35232,457.05025,1.68231
1.0,0.85,0.8,2031.0,443.01637,41513391.29676,2049.0,483.00971,44546725.97472,44919435.9309,485.96883,2.03532,62980027.55603,465.72729,1.79073
1.0,0.85,0.55,2031.0,443.0179,42272644.67059,2049.0,483.01088,46821282.88841,47243913.4281,485.36125,2.02806,70426165.71891,460.56071,1.72644
1.0,1.0,0.05,2031.0,443.01586,43468095.33396,2047.0,482.99824,49781032.16593,51666018.37553,491.61327,2.10228,90875200.60885,553.00183,2.78234
1.0,0.6,0.4,2031.0,443.01677,41566769.74615,2050.0,483.01415,44721128.71946,44874006.49577,484.18697,2.01402,60792747.86783,442.72491,1.49901
1.0,0.4,0.15,2031.0,443.01608,41334172.91516,2050.0,483.01414,43983142.67366,44121046.53947,484.22886,2.01452,58790474.24844,442.17892,1.4919
1.0,0.15,0.65,2031.0,443.01698,39806253.80441,2049.0,483.01073,38909561.63365,38832841.58993,485.6514,2.03153,36643798.35232,457.05025,1.68231
1.0,0.3,0.05,2031.0,443.01584,42159783.39575,2048.0,483.00417,46313086.94961,47237552.49102,488.86169,2.06973,73193610.68405,485.32669,2.029
1.0,0.6,0.3,2031.0,443.01577,41752891.08519,2050.0,483.01563,45483420.85074,45634491.02273,483.98701,2.01163,65506471.87035,443.04379,1.5031
1.0,0.5,1.0,2031.0,443.01679,39806353.23202,2049.0,483.01029,38910824.84187,38832841.58993,485.70209,2.03214,36643798.35232,457.69376,1.69041
1.0,0.25,0.15,2031.0,443.01523,40122027.7695,2049.0,483.01001,39963646.71904,39967409.23492,485.7203,2.03235,40521971.59762,453.35394,1.6356
1.0,0.95,0.7,2031.0,443.01562,42050088.972,2049.0,483.0095,45999332.73438,46532798.57072,486.4641,2.04122,69129004.8749,476.83485,1.92657
1.0,0.05,0.85,2031.0,443.01698,39806253.80441,2049.0,483.01073,38909561.63365,38832841.58993,485.6514,2.03153,36643798.35232,457.05025,1.68231
1.0,0.9,0.35,2031.0,443.01545,42846721.17768,2049.0,483.00969,48460574.13688,49155019.77689,486.22141,2.03833,77969539.64038,466.38996,1.79899
1.0,0.8,0.85,2031.0,443.01699,41431966.94809,2049.0,483.01086,44219949.30508,44511149.6816,485.55697,2.0304,59328941.55767,460.26952,1.7228
1.0,0.2,0.8,2031.0,443.01698,39806253.80441,2049.0,483.01073,38909561.63365,38832841.58993,485.6514,2.03153,36643798.35232,457.05025,1.68231
1.0,0.15,0.25,2031.0,443.01698,39806253.80441,2049.0,483.01073,38909561.63365,38832841.58993,485.6514,2.03153,36643798.35232,457.05025,1.68231
1.0,0.3,0.45,2031.0,443.01698,39806253.80441,2049.0,483.01073,38909561.63365,38832841.58993,485.6514,2.03153,36643798.35232,457.05025,1.68231
1.0,0.3,0.3,2031.0,443.01698,39806253.80441,2049.0,483.01073,38909561.63365,38832841.58993,485.6514,2.03153,36643798.35232,457.05025,1.68231
1.0,0.4,0.55,2031.0,443.017,39806253.80441,2049.0,483.01094,38909561.63365,38832841.58993,485.65165,2.03153,36643798.35232,457.0534,1.68235
1.0,0.3,0.4,2031.0,443.01698,39806253.80441,2049.0,483.01073,38909561.63365,38832841.58993,485.6514,2.03153,36643798.35232,457.05025,1.68231
1.0,0.35,1.0,2031.0,443.01698,39806253.80441,2049.0,483.01073,38909561.63365,38832841.58993,485.65141,2.03153,36643798.35232,457.05035,1.68231
1.0,1.0,0.45,2031.0,443.01607,42789266.16125,2048.0,483.0072,48135797.31517,48962818.9918,487.14832,2.04937,77243707.5245,482.42364,1.99389
1.0,0.85,0.15,2031.0,443.01426,43293827.73152,2047.0,483.00138,49408465.15165,50934349.52083,489.97188,2.08289,86313993.27402,511.87698,2.33609
1.0,0.2,0.2,2031.0,443.01698,39806253.80441,2049.0,483.01073,38909561.63365,38832841.58993,485.6514,2.03153,36643798.35232,457.05025,1.68231
1.0,0.8,0.25,2031.0,443.01616,42945313.14203,2049.0,483.01256,48832551.10009,49345151.35091,485.25214,2.02676,78478839.4623,457.79295,1.69175
1.0,0.9,0.95,2031.0,443.01757,41560284.91591,2049.0,483.00876,44551918.00098,44948663.22338,486.28649,2.03911,62967166.91466,468.88197,1.82965
1.0,0.05,0.25,2031.0,443.01698,39806253.80441,2049.0,483.01073,38909561.63365,38832841.58993,485.6514,2.03153,36643798.35232,457.05025,1.68231
1.0,0.2,0.5,2031.0,443.01698,39806253.80441,2049.0,483.01073,38909561.63365,38832841.58993,485.6514,2.03153,36643798.35232,457.05025,1.68231
1.0,0.95,0.15,2031.0,443.01375,43303267.83395,2047.0,482.99732,49327691.90756,51122876.48343,491.5395,2.10141,87677042.8022,532.00191,2.55872
1.0,0.35,0.15,2031.0,443.01798,41084406.09374,2050.0,483.01384,43220436.91767,43359940.5986,484.44957,2.01717,54215853.25043,441.82308,1.48728
1.0,0.55,1.0,2031.0,443.0166,40025033.48171,2049.0,483.01043,39600544.19797,39571321.44245,485.3864,2.02837,39252045.56892,454.81751,1.65409
1.0,0.2,0.55,2031.0,443.01698,39806253.80441,2049.0,483.01073,38909561.63365,38832841.58993,485.6514,2.03153,36643798.35232,457.05025,1.68231
1.0,0.5,0.45,2031.0,443.01591,40513796.05438,2049.0,483.0114,41245257.39167,41313465.0568,484.94463,2.02309,45123317.13821,447.17959,1.55657
1.0,0.3,0.9,2031.0,443.01698,39806253.80441,2049.0,483.01073,38909561.63365,38832841.58993,485.6514,2.03153,36643798.35232,457.05025,1.68231
1.0,0.15,0.85,2031.0,443.01698,39806253.80441,2049.0,483.01073,38909561.63365,38832841.58993,485.6514,2.03153,36643798.35232,457.05025,1.68231
1.0,0.85,0.2,2031.0,443.01561,43020176.99739,2047.0,483.00307,48650824.11409,49970677.04492,489.51465,2.07747,82647789.63684,490.24787,2.08721
1.0,0.95,0.55,2031.0,443.01649,42330538.46525,2049.0,483.00949,47079451.02092,47639878.93526,486.00353,2.03573,72646057.57649,473.70428,1.88857
1.0,0.7,0.5,2031.0,443.01704,41836797.80801,2050.0,483.01396,45507141.00317,45717205.84294,484.41052,2.0167,63676360.43776,450.11087,1.5942
1.0,0.85,0.5,2031.0,443.01748,42403902.67359,2049.0,483.0121,47231083.52753,47644210.81592,485.16801,2.02575,71728492.49173,460.52387,1.72598
1.0,0.05,0.65,2031.0,443.01698,39806253.80441,2049.0,483.01073,38909561.63365,38832841.58993,485.6514,2.03153,36643798.35232,457.05025,1.68231
1.0,0.8,0.65,2031.0,443.01643,41737974.53102,2049.0,483.01254,45183939.64512,45495237.08379,485.21314,2.02629,64662403.41024,458.36192,1.69886
1.0,0.7,0.2,2031.0,443.0157,42768559.84916,2049.0,483.0128,48404749.82586,48819903.93793,484.84638,2.02192,77145178.23021,451.77567,1.61557
1.0,0.6,0.9,2031.0,443.01586,40147661.11239,2049.0,483.01055,40159682.85552,40172219.87061,485.38564,2.02836,41685842.70541,455.28894,1.66006
1.0,0.5,0.05,2031.0,443.01618,43293081.46424,2047.0,483.00091,49450878.50588,50945592.18733,489.79646,2.08081,87190424.77981,516.79042,2.39116
1.0,0.2,0.15,2031.0,443.01698,39806253.80441,2049.0,483.01073,38909561.63365,38832841.58993,485.6514,2.03153,36643798.35232,457.05025,1.68231
1.0,0.35,0.55,2031.0,443.01698,39806253.80441,2049.0,483.01073,38909561.63365,38832841.58993,485.65141,2.03153,36643798.35232,457.05035,1.68231
1.0,1.0,1.0,2031.0,443.01513,41829320.54066,2048.0,483.00776,45252731.38328,45813375.49721,487.22021,2.05023,64821895.01806,485.05304,2.0251
1.0,0.9,0.9,2031.0,443.0172,41594747.20156,2049.0,483.00996,44652689.62797,45057356.52231,486.27961,2.03902,63844975.43867,468.75067,1.82804
1.0,0.75,0.25,2031.0,443.01614,42698341.8823,2050.0,483.0141,48225962.49931,48518929.95599,484.33878,2.01584,76279347.31563,453.71895,1.6402
1.0,0.45,0.15,2031.0,443.01675,41650858.25212,2050.0,483.01549,45436021.75535,45553554.25465,483.76292,2.00894,64263264.84564,439.56167,1.45768
1.0,0.75,0.7,2031.0,443.01717,41573966.66454,2049.0,483.01145,44587691.41156,44847572.97206,485.15644,2.02562,60298335.22742,457.11211,1.68312
1.0,0.55,0.1,2031.0,443.01686,42957073.3432,2048.0,483.00489,48623357.27281,49734527.45316,488.24457,2.06241,81330984.88963,468.21529,1.8222
1.0,0.8,0.5,2031.0,443.01608,42342174.46131,2050.0,483.01337,47047783.22914,47345772.52753,484.60099,2.01898,69866576.24481,453.69096,1.63983
1.0,0.1,0.95,2031.0,443.01698,39806253.80441,2049.0,483.01073,38909561.63365,38832841.58993,485.6514,2.03153,36643798.35232,457.05025,1.68231
1.0,0.55,0.6,2031.0,443.01712,40178086.57683,2049.0,483.01263,40302675.69584,40319494.02717,485.07273,2.02462,42226154.01741,451.58282,1.61298
1.0,0.6,0.85,2031.0,443.01598,40152411.64176,2049.0,483.01065,40230078.16524,40241977.05757,485.33361,2.02774,41845598.27179,455.05396,1.65708
1.0,0.7,0.35,2031.0,443.01701,42392183.11291,2050.0,483.01453,47265743.1736,47451533.70347,483.95798,2.01128,70448335.45441,446.27492,1.54491
1.0,0.8,0.2,2031.0,443.01463,42993395.48632,2047.0,483.00309,48602941.37781,49873370.81962,489.25658,2.07441,81820954.69078,475.23346,1.90785
1.0,0.4,0.7,2031.0,443.017,39806253.80441,2049.0,483.01094,38909561.63365,38832841.58993,485.65165,2.03153,36643798.35232,457.0534,1.68235
1.0,0.65,0.85,2031.0,443.01582,40819485.1891,2049.0,483.01174,42028654.71972,42127135.74439,485.0866,2.02479,47728729.85764,451.78623,1.61559
1.0,0.75,0.65,2031.0,443.01777,41645370.94538,2049.0,483.01158,44882016.55914,45155893.40908,485.06601,2.02454,61806246.74383,456.30636,1.67296
1.0,0.1,0.7,2031.0,443.01698,39806253.80441,2049.0,483.01073,38909561.63365,38832841.58993,485.6514,2.03153,36643798.35232,457.05025,1.68231
1.0,0.45,0.9,2031.0,443.01731,39806253.80441,2049.0,483.01027,38909658.80352,38832841.58993,485.6548,2.03157,36643798.35232,457.09348,1.68285
1.0,0.7,0.75,2031.0,443.01612,41130866.49432,2049.0,483.01165,43220156.18818,43423154.52635,485.37408,2.02822,54921128.81532,454.90568,1.65532
1.0,1.0,0.6,2031.0,443.01735,42428923.24725,2049.0,483.00911,47154520.23833,47771002.32306,486.41726,2.04066,72502227.44021,479.81229,1.96243
1.0,0.05,0.5,2031.0,443.01698,39806253.80441,2049.0,483.01073,38909561.63365,38832841.58993,485.6514,2.03153,36643798.35232,457.05025,1.68231
1.0,0.25,0.3,2031.0,443.01698,39806253.80441,2049.0,483.01073,38909561.63365,38832841.58993,485.6514,2.03153,36643798.35232,457.05025,1.68231
1.0,0.65,0.8,2031.0,443.01745,40831360.72118,2049.0,483.01219,42179960.86358,42304504.91131,485.31533,2.02752,48803705.93742,451.50501,1.61205
1.0,1.0,0.1,2031.0,443.01544,43400115.36301,2047.0,482.99703,49589104.07104,51420070.82439,491.52236,2.10121,89725630.2176,549.13318,2.7418
1.0,0.05,0.2,2031.0,443.01698,39806253.80441,2049.0,483.01073,38909561.63365,38832841.58993,485.6514,2.03153,36643798.35232,457.05025,1.68231
1.0,0.45,0.55,2031.0,443.01659,39927025.76255,2049.0,483.01062,39260199.16809,39207643.57797,485.44317,2.02905,37659690.96168,455.46542,1.66229
1.0,0.25,0.4,2031.0,443.01698,39806253.80441,2049.0,483.01073,38909561.63365,38832841.58993,485.6514,2.03153,36643798.35232,457.05025,1.68231
1.0,0.7,0.3,2031.0,443.01666,42494539.99221,2050.0,483.01542,47663728.82838,47918919.24131,484.24442,2.01471,72473458.85016,447.10961,1.55573
1.0,0.55,0.85,2031.0,443.01685,40028545.61915,2049.0,483.01154,39633771.48507,39605835.41616,485.38358,2.02833,40051374.59898,454.55324,1.65075
1.0,0.85,0.4,2031.0,443.01597,42538360.72601,2049.0,483.01349,47726419.45654,48133283.63952,484.97626,2.02346,74688712.53044,460.86675,1.73025
1.0,0.75,0.15,2031.0,443.015,43012924.98007,2048.0,483.00208,48734114.9532,50011713.75274,489.11459,2.07273,83163017.58279,487.71214,2.05736
1.0,0.7,0.4,2031.0,443.01609,42015436.58526,2050.0,483.01367,46227960.68407,46469304.98936,484.34606,2.01593,67924448.70626,448.11746,1.56865
1.0,0.85,0.3,2031.0,443.01692,42898326.12527,2049.0,483.01005,48674053.17478,49285151.86466,485.75041,2.03271,78225624.97761,462.27784,1.74793
1.0,0.7,0.05,2031.0,443.01533,43428635.22557,2047.0,482.99858,49771326.79416,51483914.64926,490.66289,2.09106,89966598.92525,538.46622,2.62835
1.0,0.1,1.0,2031.0,443.01698,39806253.80441,2049.0,483.01073,38909561.63365,38832841.58993,485.6514,2.03153,36643798.35232,457.05025,1.68231
1.0,0.6,0.8,2031.0,443.01699,40221233.18924,2049.0,483.0112,40287819.93354,40298840.00567,485.27291,2.02701,41921021.93576,454.88478,1.65493
1.0,0.45,0.25,2031.0,443.01708,41241900.65211,2050.0,483.01542,43601201.4954,43706940.12938,484.08173,2.01276,54557586.10184,439.96365,1.46299
1.0,0.75,0.55,2031.0,443.01769,41824320.90279,2049.0,483.01375,45518214.65483,45789619.02009,484.83446,2.02177,65343365.36178,454.87569,1.65486
1.0,0.2,0.4,2031.0,443.01698,39806253.80441,2049.0,483.01073,38909561.63365,38832841.58993,485.6514,2.03153,36643798.35232,457.05025,1.68231
1.0,0.2,0.3,2031.0,443.01698,39806253.80441,2049.0,483.01073,38909561.63365,38832841.58993,485.6514,2.03153,36643798.35232,457.05025,1.68231
1.0,0.45,0.65,2031.0,443.01731,39806253.80441,2049.0,483.01027,38909658.80352,38832841.58993,485.6548,2.03157,36643798.35232,457.09348,1.68285
1.0,0.3,0.8,2031.0,443.01698,39806253.80441,2049.0,483.01073,38909561.63365,38832841.58993,485.6514,2.03153,36643798.35232,457.05025,1.68231
1.0,0.75,1.0,2031.0,443.01647,41067151.46474,2049.0,483.01056,42833599.47175,43030236.15687,485.78133,2.03308,52180539.55946,461.22773,1.73479
1.0,0.4,1.0,2031.0,443.017,39806253.80441,2049.0,483.01094,38909561.63365,38832841.58993,485.65165,2.03153,36643798.35232,457.0534,1.68235
1.0,0.7,0.45,2031.0,443.01735,41966870.27451,2050.0,483.01484,45958024.10746,46157862.61474,484.24786,2.01475,66608177.7374,448.71808,1.57635
1.0,0.95,0.25,2031.0,443.014,43002707.32523,2047.0,482.99971,48510639.23061,49954804.20805,490.38535,2.08778,82554443.75217,500.3647,2.20496
1.0,0.25,0.85,2031.0,443.01698,39806253.80441,2049.0,483.01073,38909561.63365,38832841.58993,485.6514,2.03153,36643798.35232,457.05025,1.68231
1.0,0.05,0.15,2031.0,443.01698,39806253.80441,2049.0,483.01073,38909561.63365,38832841.58993,485.6514,2.03153,36643798.35232,457.05025,1.68231
1.0,0.8,0.15,2031.0,443.01434,43069968.99082,2047.0,483.00322,48851953.1374,50163295.5635,489.24803,2.07431,83863671.30651,501.25589,2.21519
1.0,0.05,0.3,2031.0,443.01698,39806253.80441,2049.0,483.01073,38909561.63365,38832841.58993,485.6514,2.03153,36643798.35232,457.05025,1.68231
1.0,0.25,0.5,2031.0,443.01698,39806253.80441,2049.0,483.01073,38909561.63365,38832841.58993,485.6514,2.03153,36643798.35232,457.05025,1.68231
1.0,0.65,0.9,2031.0,443.01767,40503198.50706,2049.0,483.01204,41090685.76735,41150733.86615,485.37734,2.02826,44489850.85266,455.63774,1.66448
1.0,0.1,0.1,2031.0,443.01698,39806253.80441,2049.0,483.01073,38909561.63365,38832841.58993,485.6514,2.03153,36643798.35232,457.05025,1.68231
1.0,0.5,0.75,2031.0,443.01598,39986227.14901,2049.0,483.01048,39488478.46474,39451255.06122,485.40304,2.02857,38693915.16001,454.76461,1.65342
1.0,0.2,0.65,2031.0,443.01698,39806253.80441,2049.0,483.01073,38909561.63365,38832841.58993,485.6514,2.03153,36643798.35232,457.05025,1.68231
1.0,0.05,0.4,2031.0,443.01698,39806253.80441,2049.0,483.01073,38909561.63365,38832841.58993,485.6514,2.03153,36643798.35232,457.05025,1.68231
1.0,1.0,0.7,2031.0,443.01595,42113568.69643,2048.0,483.00801,46205147.99225,46818962.9407,486.85296,2.04585,69893143.28154,482.50955,1.99479
1.0,0.25,0.2,2031.0,443.01698,39806253.80441,2049.0,483.01073,38909561.63365,38832841.58993,485.6514,2.03153,36643798.35232,457.05025,1.68231
1.0,0.1,0.6,2031.0,443.01698,39806253.80441,2049.0,483.01073,38909561.63365,38832841.58993,485.6514,2.03153,36643798.35232,457.05025,1.68231
1.0,0.35,0.25,2031.0,443.01523,40122027.7695,2049.0,483.01063,39880606.80069,39863014.46161,485.46729,2.02934,39515929.87331,453.17488,1.63327
1.0,0.85,0.85,2031.0,443.01637,41513391.29676,2049.0,483.00954,44463892.21727,44821920.13676,485.9622,2.03524,61394299.86482,465.86899,1.79248
1.0,0.45,0.8,2031.0,443.01731,39806253.80441,2049.0,483.01027,38909658.80352,38832841.58993,485.6548,2.03157,36643798.35232,457.09348,1.68285
1.0,0.8,0.55,2031.0,443.01705,41917692.60572,2049.0,483.01333,46100935.80085,46421720.72965,484.93879,2.02302,67400642.06171,456.06745,1.66993
1.0,0.05,0.55,2031.0,443.01698,39806253.80441,2049.0,483.01073,38909561.63365,38832841.58993,485.6514,2.03153,36643798.35232,457.05025,1.68231
1.0,0.95,0.65,2031.0,443.01582,42169917.74837,2049.0,483.00986,46440094.30742,46978567.27947,486.21704,2.03828,70274864.77117,475.55552,1.91107
1.0,0.9,0.8,2031.0,443.0169,41604852.55803,2049.0,483.00871,45078192.99771,45510971.31989,486.12229,2.03715,64978004.51061,468.52109,1.82521
1.0,0.35,0.65,2031.0,443.01698,39806253.80441,2049.0,483.01073,38909561.63365,38832841.58993,485.65141,2.03153,36643798.35232,457.05035,1.68231
1.0,0.4,0.6,2031.0,443.017,39806253.80441,2049.0,483.01094,38909561.63365,38832841.58993,485.65165,2.03153,36643798.35232,457.0534,1.68235
1.0,1.0,0.95,2031.0,443.01563,41847920.49294,2048.0,483.00786,45302823.92801,45873087.55568,487.24491,2.05052,65647919.27658,484.80744,2.02219
1.0,0.8,0.3,2031.0,443.01645,42666874.04302,2050.0,483.01406,48172384.96486,48507904.36457,484.51945,2.018,75937702.45977,456.26259,1.6724
1.0,0.75,0.1,2031.0,443.01468,43374333.92639,2047.0,482.99899,49615384.44389,51276542.72426,490.55109,2.08974,88390490.6815,520.03169,2.42733
1.0,0.55,0.7,2031.0,443.01656,40147306.02316,2049.0,483.01237,40009907.74883,40003549.02963,485.17212,2.02581,41607776.88447,452.45659,1.62412
1.0,0.2,0.25,2031.0,443.01698,39806253.80441,2049.0,483.01073,38909561.63365,38832841.58993,485.6514,2.03153,36643798.35232,457.05025,1.68231
1.0,0.8,0.4,2031.0,443.01765,42497579.99413,2049.0,483.01307,47607195.52361,47960013.66402,484.72931,2.02051,73319352.11887,453.96515,1.64336
1.0,0.4,0.1,2031.0,443.01644,42032822.23165,2048.0,483.00552,45987309.6803,46668823.5957,487.42314,2.05264,68143352.19529,445.32163,1.53313
1.0,0.5,0.35,2031.0,443.01651,41130851.41868,2050.0,483.01495,43191353.74873,43297442.84201,484.27791,2.01511,52280606.15589,441.01907,1.47677
1.0,0.75,0.6,2031.0,443.01579,41665416.30928,2049.0,483.01294,45045278.74988,45319468.93953,484.99618,2.0237,62998372.35416,456.0823,1.67013
1.0,0.4,0.85,2031.0,443.017,39806253.80441,2049.0,483.01094,38909561.63365,38832841.58993,485.65165,2.03153,36643798.35232,457.0534,1.68235
1.0,0.3,0.95,2031.0,443.01698,39806253.80441,2049.0,483.01073,38909561.63365,38832841.58993,485.6514,2.03153,36643798.35232,457.05025,1.68231
